NAME,INVESTOR TYPE,PREFERED STARTUP STAGES,FOCUS INDUSTRIES,FOCUS SECTOR,SERVICE AREAS,INVESTMENT RANGE,LOCATION
STRIDE VENTURES,Venture Capital,"Validation, EarlyTraction, Scaling","AI, Green Technology, Finance Technology, Enterprise Software, Food & Beverages, Healthcare & Lifesciences, Media & Entertainment, Retail, Textiles & Apparel","Machine Learning, NLP, Others, Clean Tech, Others, Waste Management, Accounting, Advisory, Billing and Invoicing, Bitcoin and Blockchain, Business Finance, Crowdfunding, Foreign Exchange, Insurance, Microfinance, Mobile wallets Payments, Others, P2P Lending, Payment Platforms, Personal Finance, Point of Sales, Trading, CXM, Cloud, Collaboration, Customer Support, ERP, Enterprise Mobility, Location Based, Others, SCM, Food Processing, Food Technology/Food Delivery, Microbrewery, Others, Restaurants, Assistance Technology, Biotechnology, Health & Wellness, Healthcare IT, Healthcare Services, Healthcare Technology, Medical Devices Biomedical, Others, Pharmaceutical, Digital Media, Digital Media Blogging, Digital Media News, Digital Media Publishing, Digital Media Video, Entertainment, Movies, OOH Media, Others, Social Media, Comparison Shopping, Others, Retail Technology, Social Commerce, Apparel & Accessories, Leather Footwear, Leather Textiles Goods, Non- Leather Footwear, Non- Leather Textiles Goods, ","Manufacturing, Marketplace, Online Aggregator, Peer to Peer, SaaS",5 Crore + INR,"New Delhi, Delhi"
VENTURE GARAGE,Private Company,"EarlyTraction, Scaling","AR VR (Augmented + Virtual Reality), Automotive, Agriculture, Aeronautics Aerospace & Defence, Green Technology, Finance Technology, Enterprise Software, Food & Beverages, Renewable Energy, Healthcare & Lifesciences","Auto & Truck Manufacturers, Auto, Truck & Motorcycle Parts, Electric Vehicles, Others, Tires & Rubber Products, Agri-Tech, Animal Husbandry, Dairy Farming, Fisheries, Food Processing, Horticulture, Organic Agriculture, Others, Aviation & Others, Defence Equipment, Drones, Others, Space Technology, Clean Tech, Others, Waste Management, Accounting, Advisory, Billing and Invoicing, Bitcoin and Blockchain, Business Finance, Crowdfunding, Foreign Exchange, Insurance, Microfinance, Mobile wallets Payments, Others, P2P Lending, Payment Platforms, Personal Finance, Point of Sales, Trading, CXM, Cloud, Collaboration, Customer Support, ERP, Enterprise Mobility, Location Based, Others, SCM, Food Processing, Food Technology/Food Delivery, Microbrewery, Others, Restaurants, Manufacture of Electrical Equipment, Manufacture of Machinery and Equipment, Others, Renewable Energy Solutions, Renewable Nuclear Energy, Renewable Solar Energy, Renewable Wind Energy, Assistance Technology, Biotechnology, Health & Wellness, Healthcare IT, Healthcare Services, Healthcare Technology, Medical Devices Biomedical, Others, Pharmaceutical","Discovery, Hyperlocal, Location Based Services, Manufacturing, Marketplace",5 Crore + INR,"Gurugram, Haryana"
FUNDALOGICAL VENTURES,Private Equity,"EarlyTraction, Scaling","Transportation & Storage, Logistics, Robotics, Waste Management","Freight & Logistics Services, Others, Passenger Transportation Services, Traffic Management, Transport Infrastructure, Others, Others, Robotics Application, Robotics Technology","Enterprise Mobility, Hyperlocal, Location Based Services, Manufacturing, Platform",5 Crore + INR,"Mumbai, Maharashtra"
TITAN CAPITAL,Venture Capital,"Ideation, Validation, EarlyTraction, Scaling","AR VR (Augmented + Virtual Reality), Computer Vision, AI, Fashion, Finance Technology, Enterprise Software, Internet of Things, Professional & Commercial Services, Robotics, Others, Toys and Games","Machine Learning, NLP, Others, Apparel, Fan Merchandise, Fashion Technology, Jewellery, Lifestyle, Others, Accounting, Advisory, Billing and Invoicing, Bitcoin and Blockchain, Business Finance, Crowdfunding, Foreign Exchange, Insurance, Microfinance, Mobile wallets Payments, Others, P2P Lending, Payment Platforms, Personal Finance, Point of Sales, Trading, CXM, Cloud, Collaboration, Customer Support, ERP, Enterprise Mobility, Location Based, Others, SCM, Manufacturing & Warehouse, Others, Smart Home, Wearables, Business Support Services, Business Support Supplies, Commercial Printing Services, Employment Services, Environmental Services & Equipment, Others, Professional Information Services, Others, Robotics Application, Robotics Technology, Others, Physical Toys and Games, Virtual Games","E-commerce, Engineering, Platform, SaaS, Others",2 Crore - 5 Crore INR,"Bengaluru, Karnataka"
SESHADRINATHAN KRISHNAN,OTHER,"Validation, EarlyTraction, Scaling","Animation, Agriculture, Green Technology, Finance Technology, Enterprise Software, Technology Hardware, Healthcare & Lifesciences, Internet of Things, Professional & Commercial Services, Social Impact, Indic Language Startups, Real Estate, Biotechnology, Waste Management","Agri-Tech, Animal Husbandry, Dairy Farming, Fisheries, Food Processing, Horticulture, Organic Agriculture, Others, Clean Tech, Others, Waste Management, Accounting, Advisory, Billing and Invoicing, Bitcoin and Blockchain, Business Finance, Crowdfunding, Foreign Exchange, Insurance, Microfinance, Mobile wallets Payments, Others, P2P Lending, Payment Platforms, Personal Finance, Point of Sales, Trading, CXM, Cloud, Collaboration, Customer Support, ERP, Enterprise Mobility, Location Based, Others, SCM, 3d printing, Electronics, Embedded, Manufacturing, Others, Semiconductor, Assistance Technology, Biotechnology, Health & Wellness, Healthcare IT, Healthcare Services, Healthcare Technology, Medical Devices Biomedical, Others, Pharmaceutical, Manufacturing & Warehouse, Others, Smart Home, Wearables, Business Support Services, Business Support Supplies, Commercial Printing Services, Employment Services, Environmental Services & Equipment, Others, Professional Information Services, Corporate Social Responsibility, NGO, Others, E-Commerce, Education, Media and Entertainment, Natural Language Processing, Social Media, Utility Services, Coworking Spaces, Housing","Manufacturing, Mobile, Offline, SaaS, Social Enterprise",0 - 25 Lacs INR,"Ernakulam, Kerala"
GSF INDIA,Venture Capital,"Validation, EarlyTraction, Scaling","AR VR (Augmented + Virtual Reality), Computer Vision, Telecommunication & Networking, Aeronautics Aerospace & Defence, AI, Green Technology, Finance Technology, Enterprise Software, Education, Renewable Energy, Healthcare & Lifesciences, Nanotechnology, Security Solutions, Robotics, Biotechnology","Integrated communication services, Network Technology Solutions, Others, Wireless, Aviation & Others, Defence Equipment, Drones, Others, Space Technology, Machine Learning, NLP, Others, Clean Tech, Others, Waste Management, Accounting, Advisory, Billing and Invoicing, Bitcoin and Blockchain, Business Finance, Crowdfunding, Foreign Exchange, Insurance, Microfinance, Mobile wallets Payments, Others, P2P Lending, Payment Platforms, Personal Finance, Point of Sales, Trading, CXM, Cloud, Collaboration, Customer Support, ERP, Enterprise Mobility, Location Based, Others, SCM, Coaching, E-learning, Education Technology, Others, Skill Development, Manufacture of Electrical Equipment, Manufacture of Machinery and Equipment, Others, Renewable Energy Solutions, Renewable Nuclear Energy, Renewable Solar Energy, Renewable Wind Energy, Assistance Technology, Biotechnology, Health & Wellness, Healthcare IT, Healthcare Services, Healthcare Technology, Medical Devices Biomedical, Others, Pharmaceutical, Others, Cyber Security, Home Security solutions, Others, Public Citizen Security Solutions, Others, Robotics Application, Robotics Technology","Engineering, Hyperlocal, Marketplace, Mobile, SaaS",5 Crore + INR,"Bengaluru, Karnataka"
DHOLAKIA VENTURES,OTHER,"Ideation, Validation, EarlyTraction, Scaling","Architecture Interior Design, AR VR (Augmented + Virtual Reality), Automotive, Agriculture, AI, Green Technology, Finance Technology, Enterprise Software, Food & Beverages, Renewable Energy, Internet of Things, Retail, Security Solutions, Waste Management","Auto & Truck Manufacturers, Auto, Truck & Motorcycle Parts, Electric Vehicles, Others, Tires & Rubber Products, Agri-Tech, Animal Husbandry, Dairy Farming, Fisheries, Food Processing, Horticulture, Organic Agriculture, Others, Machine Learning, NLP, Others, Clean Tech, Others, Waste Management, Accounting, Advisory, Billing and Invoicing, Bitcoin and Blockchain, Business Finance, Crowdfunding, Foreign Exchange, Insurance, Microfinance, Mobile wallets Payments, Others, P2P Lending, Payment Platforms, Personal Finance, Point of Sales, Trading, CXM, Cloud, Collaboration, Customer Support, ERP, Enterprise Mobility, Location Based, Others, SCM, Food Processing, Food Technology/Food Delivery, Microbrewery, Others, Restaurants, Manufacture of Electrical Equipment, Manufacture of Machinery and Equipment, Others, Renewable Energy Solutions, Renewable Nuclear Energy, Renewable Solar Energy, Renewable Wind Energy, Manufacturing & Warehouse, Others, Smart Home, Wearables, Comparison Shopping, Others, Retail Technology, Social Commerce, Cyber Security, Home Security solutions, Others, Public Citizen Security Solutions, ","Consumer Internet, Enterprise Mobility, Hyperlocal, Manufacturing, SaaS",50 Lacs - 2 Crore INR,"Surat, Gujarat"
AMIYA SRIVASTAVA,OTHER,"Validation, EarlyTraction, Scaling","Analytics, Advertising, Computer Vision, Telecommunication & Networking, Aeronautics Aerospace & Defence, AI, Finance Technology, Enterprise Software, Food & Beverages, Renewable Energy, Technology Hardware, Healthcare & Lifesciences, Internet of Things, Marketing, Nanotechnology, Media & Entertainment, Sports, Transportation & Storage, Logistics, Security Solutions, Robotics, Biotechnology, Waste Management, Toys and Games","Big Data, Business Intelligence, Data Science, Others, AdTech, Online Classified, Others, Others, Integrated communication services, Network Technology Solutions, Others, Wireless, Aviation & Others, Defence Equipment, Drones, Others, Space Technology, Machine Learning, NLP, Others, Accounting, Advisory, Billing and Invoicing, Bitcoin and Blockchain, Business Finance, Crowdfunding, Foreign Exchange, Insurance, Microfinance, Mobile wallets Payments, Others, P2P Lending, Payment Platforms, Personal Finance, Point of Sales, Trading, CXM, Cloud, Collaboration, Customer Support, ERP, Enterprise Mobility, Location Based, Others, SCM, Food Processing, Food Technology/Food Delivery, Microbrewery, Others, Restaurants, Manufacture of Electrical Equipment, Manufacture of Machinery and Equipment, Others, Renewable Energy Solutions, Renewable Nuclear Energy, Renewable Solar Energy, Renewable Wind Energy, 3d printing, Electronics, Embedded, Manufacturing, Others, Semiconductor, Assistance Technology, Biotechnology, Health & Wellness, Healthcare IT, Healthcare Services, Healthcare Technology, Medical Devices Biomedical, Others, Pharmaceutical, Manufacturing & Warehouse, Others, Smart Home, Wearables, Branding, Digital Marketing (SEO Automation), Discovery, Loyalty, Market Research, Others, Sales, Others, Digital Media, Digital Media Blogging, Digital Media News, Digital Media Publishing, Digital Media Video, Entertainment, Movies, OOH Media, Others, Social Media, Fantasy Sports, Others, Sports Promotion and Networking, Freight & Logistics Services, Others, Passenger Transportation Services, Traffic Management, Transport Infrastructure, Others, Cyber Security, Home Security solutions, Others, Public Citizen Security Solutions, Others, Robotics Application, Robotics Technology, Others, Others, Physical Toys and Games, Virtual Games","Discovery, Manufacturing, Mobile, Platform, Research",0 - 50 Lacs INR,"Bengaluru, Karnataka"
TRUEDIGITAL VENTURES,Private Company,"Validation, EarlyTraction, Scaling","Automotive, Aeronautics Aerospace & Defence, AI, Green Technology, Finance Technology, Education, Renewable Energy, Healthcare & Lifesciences, Internet of Things, Nanotechnology, Non- Renewable Energy, Pets & Animals, Media & Entertainment, Retail, Sports, Social Network, Indic Language Startups, Transportation & Storage, Logistics, Travel & Tourism, Security Solutions, Airport Operations, Robotics, Biotechnology, Waste Management","Auto & Truck Manufacturers, Auto, Truck & Motorcycle Parts, Electric Vehicles, Others, Tires & Rubber Products, Aviation & Others, Defence Equipment, Drones, Others, Space Technology, Machine Learning, NLP, Others, Clean Tech, Others, Waste Management, Accounting, Advisory, Billing and Invoicing, Bitcoin and Blockchain, Business Finance, Crowdfunding, Foreign Exchange, Insurance, Microfinance, Mobile wallets Payments, Others, P2P Lending, Payment Platforms, Personal Finance, Point of Sales, Trading, Coaching, E-learning, Education Technology, Others, Skill Development, Manufacture of Electrical Equipment, Manufacture of Machinery and Equipment, Others, Renewable Energy Solutions, Renewable Nuclear Energy, Renewable Solar Energy, Renewable Wind Energy, Assistance Technology, Biotechnology, Health & Wellness, Healthcare IT, Healthcare Services, Healthcare Technology, Medical Devices Biomedical, Others, Pharmaceutical, Manufacturing & Warehouse, Others, Smart Home, Wearables, Others, Oil & Gas Drilling, Oil & Gas Exploration and Production, Oil & Gas Transportation Services, Oil Related Services and Equipment, Others, Others, Digital Media, Digital Media Blogging, Digital Media News, Digital Media Publishing, Digital Media Video, Entertainment, Movies, OOH Media, Others, Social Media, Comparison Shopping, Others, Retail Technology, Social Commerce, Fantasy Sports, Others, Sports Promotion and Networking, Others, E-Commerce, Education, Media and Entertainment, Natural Language Processing, Social Media, Utility Services, Freight & Logistics Services, Others, Passenger Transportation Services, Traffic Management, Transport Infrastructure, Others, Experiential Travel, Facility Management, Holiday Rentals, Hospitality, Hotel, Others, Ticketing, Wayside Amenities, Cyber Security, Home Security solutions, Others, Public Citizen Security Solutions, Others, Others, Robotics Application, Robotics Technology,","Discovery, Hyperlocal, Location Based Services, Manufacturing, Marketplace",50 Lacs - 2 Crore INR,"Bengaluru Urban, Karnataka"
7th GEN VENTURES,Angel Group,"Validation, EarlyTraction, Scaling",Green Technology,"Clean Tech, Others, Waste Management","Discovery, Manufacturing, Research",50 Lacs - 2 Crore INR,"Bengaluru, Karnataka"
MANISH KHURANA,Private Company,"EarlyTraction, Scaling",Others,Others,Others,50 Lacs - 2 Crore INR,"Noida, Uttar Pradesh"
MAYANK,,"Ideation, Validation, EarlyTraction, Scaling",Advertising,"AdTech, Online Classified, Others",Hyperlocal,25 Lacs - 50 Lacs INR,"Chandigarh, Chandigarh"
IN44 CAPITAL,Angel Group,"EarlyTraction, Scaling","Analytics, Advertising, AR VR (Augmented + Virtual Reality), Automotive, Chemicals, Computer Vision, Telecommunication & Networking, Construction, Agriculture, Aeronautics Aerospace & Defence, AI, Green Technology, Finance Technology, Enterprise Software, Renewable Energy, Technology Hardware, Healthcare & Lifesciences, Internet of Things, Human Resources, Marketing, Nanotechnology, Media & Entertainment, Transportation & Storage, Logistics, Safety, Robotics, Biotechnology, Waste Management,","Big Data, Business Intelligence, Data Science, Others, AdTech, Online Classified, Others, Others, Auto & Truck Manufacturers, Auto, Truck & Motorcycle Parts, Electric Vehicles, Others, Tires & Rubber Products, Agricultural Chemicals, Commodity Chemicals, Diversified Chemicals, Others, Specialty Chemicals, Others, Integrated communication services, Network Technology Solutions, Others, Wireless, Construction & Engineering, Construction Materials, Construction Supplies & Fixtures, Homebuilding, New-age Construction Technologies, Others, Agri-Tech, Animal Husbandry, Dairy Farming, Fisheries, Food Processing, Horticulture, Organic Agriculture, Others, Aviation & Others, Defence Equipment, Drones, Others, Space Technology, Machine Learning, NLP, Others, Clean Tech, Others, Waste Management, Accounting, Advisory, Billing and Invoicing, Bitcoin and Blockchain, Business Finance, Crowdfunding, Foreign Exchange, Insurance, Microfinance, Mobile wallets Payments, Others, P2P Lending, Payment Platforms, Personal Finance, Point of Sales, Trading, CXM, Cloud, Collaboration, Customer Support, ERP, Enterprise Mobility, Location Based, Others, SCM, Manufacture of Electrical Equipment, Manufacture of Machinery and Equipment, Others, Renewable Energy Solutions, Renewable Nuclear Energy, Renewable Solar Energy, Renewable Wind Energy, 3d printing, Electronics, Embedded, Manufacturing, Others, Semiconductor, Assistance Technology, Biotechnology, Health & Wellness, Healthcare IT, Healthcare Services, Healthcare Technology, Medical Devices Biomedical, Others, Pharmaceutical, Manufacturing & Warehouse, Others, Smart Home, Wearables, Internships, Others, Recruitment Jobs, Skills Assessment, Talent Management, Training, Branding, Digital Marketing (SEO Automation), Discovery, Loyalty, Market Research, Others, Sales, Others, Digital Media, Digital Media Blogging, Digital Media News, Digital Media Publishing, Digital Media Video, Entertainment, Movies, OOH Media, Others, Social Media, Freight & Logistics Services, Others, Passenger Transportation Services, Traffic Management, Transport Infrastructure, Others, Others, Personal Security, Others, Robotics Application, Robotics Technology","Research, SaaS, Subscription Commerce,",50 Lacs - 2 Crore INR,"Chennai, Tamil Nadu"
INDIVIDUALINVESTOR01,,Ideation,Analytics,"Big Data, Business Intelligence, Data Science",Governments,0 - 25 Lacs INR,"Baksa, Assam"
PULKIT DAK,Venture Capital,"Validation, EarlyTraction, Scaling","Analytics, AR VR (Augmented + Virtual Reality), Computer Vision, Telecommunication & Networking, Aeronautics Aerospace & Defence, AI, Green Technology, Finance Technology, Enterprise Software, Renewable Energy, Technology Hardware, Healthcare & Lifesciences, Internet of Things, Human Resources, Marketing, Nanotechnology, Non- Renewable Energy, Retail, Social Impact, Logistics, Other Specialty Retailers, Safety, Robotics, Biotechnology, Waste Management","Big Data, Business Intelligence, Data Science, Others, Others, Others, Integrated communication services, Network Technology Solutions, Others, Wireless, Aviation & Others, Defence Equipment, Drones, Others, Space Technology, Machine Learning, NLP, Others, Clean Tech, Others, Waste Management, Accounting, Advisory, Billing and Invoicing, Bitcoin and Blockchain, Business Finance, Crowdfunding, Foreign Exchange, Insurance, Microfinance, Mobile wallets Payments, Others, P2P Lending, Payment Platforms, Personal Finance, Point of Sales, Trading, CXM, Cloud, Collaboration, Customer Support, ERP, Enterprise Mobility, Location Based, Others, SCM, Manufacture of Electrical Equipment, Manufacture of Machinery and Equipment, Others, Renewable Energy Solutions, Renewable Nuclear Energy, Renewable Solar Energy, Renewable Wind Energy, 3d printing, Electronics, Embedded, Manufacturing, Others, Semiconductor, Assistance Technology, Biotechnology, Health & Wellness, Healthcare IT, Healthcare Services, Healthcare Technology, Medical Devices Biomedical, Others, Pharmaceutical, Manufacturing & Warehouse, Others, Smart Home, Wearables, Internships, Others, Recruitment Jobs, Skills Assessment, Talent Management, Training, Branding, Digital Marketing (SEO Automation), Discovery, Loyalty, Market Research, Others, Sales, Others, Oil & Gas Drilling, Oil & Gas Exploration and Production, Oil & Gas Transportation Services, Oil Related Services and Equipment, Others, Comparison Shopping, Others, Retail Technology, Social Commerce, Corporate Social Responsibility, NGO, Others, Others, Auto Vehicles, Parts & Service Retailers, Computer & Electronics Retailers, Home Furnishings Retailers, Home Improvement Products & Services Retailers, Others, Others, Personal Security, Others, Robotics Application, Robotics Technology","Platform, Research, SaaS",5 Crore + INR,"Hyderabad, Telangana"
MR RAJESH RAVEENDRAN,Angel Group,"Ideation, Validation, EarlyTraction, Scaling","Telecommunication & Networking, AI, Finance Technology, Enterprise Software, Technology Hardware, IT Services","Integrated communication services, Network Technology Solutions, Others, Wireless, Machine Learning, NLP, Others, Accounting, Advisory, Billing and Invoicing, Bitcoin and Blockchain, Business Finance, Crowdfunding, Foreign Exchange, Insurance, Microfinance, Mobile wallets Payments, Others, P2P Lending, Payment Platforms, Personal Finance, Point of Sales, Trading, CXM, Cloud, Collaboration, Customer Support, ERP, Enterprise Mobility, Location Based, Others, SCM, 3d printing, Electronics, Embedded, Manufacturing, Others, Semiconductor, Application Development, BPO, IT Consulting, IT Management, KPO, Others, Product Development, Project Management, Testing, Web Development","Manufacturing, Marketplace, Online Aggregator, Platform, SaaS",50 Lacs - 2 Crore INR,"Chennai, Tamil Nadu"
IN44 CAPITAL,Angel Group,"Validation, EarlyTraction","AR VR (Augmented + Virtual Reality), Computer Vision, Agriculture, Aeronautics Aerospace & Defence, AI, Green Technology, Finance Technology, Enterprise Software, Technology Hardware, Internet of Things, Robotics, Waste Management","Agri-Tech, Animal Husbandry, Dairy Farming, Fisheries, Food Processing, Horticulture, Organic Agriculture, Others, Aviation & Others, Defence Equipment, Drones, Others, Space Technology, Machine Learning, NLP, Others, Clean Tech, Others, Waste Management, Accounting, Advisory, Billing and Invoicing, Bitcoin and Blockchain, Business Finance, Crowdfunding, Foreign Exchange, Insurance, Microfinance, Mobile wallets Payments, Others, P2P Lending, Payment Platforms, Personal Finance, Point of Sales, Trading, CXM, Cloud, Collaboration, Customer Support, ERP, Enterprise Mobility, Location Based, Others, SCM, 3d printing, Electronics, Embedded, Manufacturing, Others, Semiconductor, Manufacturing & Warehouse, Others, Smart Home, Wearables, Others, Robotics Application, Robotics Technology","Engineering, Enterprise Mobility, Manufacturing, Platform, SaaS",50 Lacs - 2 Crore INR,"Chennai, Tamil Nadu"
VENTANA VENTURES FUND,Venture Capital,"Validation, EarlyTraction, Scaling",Toys and Games,Virtual games,"Discovery, Mobile, Subscription Commerce",50 Lacs - 2 Crore INR,"Udupi, Karnataka"
UPSPARKS  CAPITAL,Private Company,"Ideation, Validation, EarlyTraction","Agriculture, AI, Green Technology, Finance Technology, Enterprise Software, Internet of Things","Agri-Tech, Animal Husbandry, Dairy Farming, Fisheries, Food Processing, Horticulture, Organic Agriculture, Others, Machine Learning, NLP, Others, Clean Tech, Others, Waste Management, Bitcoin and Blockchain, Insurance, Microfinance, Mobile wallets Payments, Others, P2P Lending, Payment Platforms, CXM, Cloud, Collaboration, Customer Support, ERP, Enterprise Mobility, Location Based, Others, SCM, Manufacturing & Warehouse, Others, Smart Home, Wearables","Consumer Internet, Online Aggregator, Platform, SaaS, Subscription Commerce",50 Lacs - 2 Crore INR,"Bengaluru, Karnataka"
REAL TIME ANGEL FUND,Venture Capital,"EarlyTraction, Scaling","AR VR (Augmented + Virtual Reality), Automotive, Computer Vision, AI, Finance Technology, Enterprise Software, Healthcare & Lifesciences, Logistics","Auto & Truck Manufacturers, Auto, Truck & Motorcycle Parts, Electric Vehicles, Others, Tires & Rubber Products, Others, Machine Learning, NLP, Others, Accounting, Advisory, Billing and Invoicing, Bitcoin and Blockchain, Business Finance, Crowdfunding, Foreign Exchange, Insurance, Microfinance, Mobile wallets Payments, Others, P2P Lending, Payment Platforms, Personal Finance, Point of Sales, Trading, CXM, Cloud, Collaboration, Customer Support, ERP, Enterprise Mobility, Location Based, Others, SCM, Assistance Technology, Biotechnology, Health & Wellness, Healthcare IT, Healthcare Services, Healthcare Technology, Medical Devices Biomedical, Others, Pharmaceutical","Governments, Hyperlocal, Location Based Services",50 Lacs - 2 Crore INR,"Gurugram, Haryana"
NAVYA SHREE,,"Validation, EarlyTraction, Scaling","Construction, AI, Green Technology, Technology Hardware, Transportation & Storage, Real Estate","Construction & Engineering, Construction Materials, Construction Supplies & Fixtures, Homebuilding, New-age Construction Technologies, Others, Machine Learning, NLP, Others, Clean Tech, Others, Waste Management, 3d printing, Electronics, Embedded, Manufacturing, Others, Semiconductor, Freight & Logistics Services, Others, Passenger Transportation Services, Traffic Management, Transport Infrastructure, Coworking Spaces, Housing,","Governments, Manufacturing, Offline, Subscription Commerce",25 Lacs - 50 Lacs INR,"Bengaluru, Karnataka"
TRANSITION VENTURE CAPITAL,Venture Capital,"Ideation, Validation, EarlyTraction",Renewable Energy,"Manufacture of Electrical Equipment, Manufacture of Machinery and Equipment, Others, Renewable Energy Solutions, Renewable Nuclear Energy, Renewable Solar Energy, Renewable Wind Energy","Manufacturing, Marketplace",5 Crore + INR,"Bengaluru Urban, Karnataka"
TRANSITION VC,Venture Capital,"Ideation, Validation, EarlyTraction","Green Technology, Non- Renewable Energy","Clean Tech, Others",Others,5 Crore + INR,"Bengaluru Urban, Karnataka"
BHARAT RATNA DR. BABASAHEB MBEDKAR FUND FOR SC/ST,Venture Capital,"EarlyTraction, Scaling","Food & Beverages, Renewable Energy, Healthcare & Lifesciences, Non- Renewable Energy, Biotechnology","Food Processing, Food Technology/Food Delivery, Microbrewery, Others, Restaurants, Manufacture of Electrical Equipment, Manufacture of Machinery and Equipment, Others, Renewable Energy Solutions, Renewable Nuclear Energy, Renewable Solar Energy, Renewable Wind Energy, Assistance Technology, Biotechnology, Health & Wellness, Healthcare IT, Healthcare Services, Healthcare Technology, Medical Devices Biomedical, Others, Pharmaceutical, Oil & Gas Drilling, Oil & Gas Exploration and Production, Oil & Gas Transportation Services, Oil Related Services and Equipment","Engineering, Location Based Services, Manufacturing, Research, SaaS",5 Crore + INR,"Mumbai, Maharashtra"
MAHARASHTRA DEFENCE AND AEROSPACE VENTURE FUND,Venture Capital,"Validation, EarlyTraction, Scaling",Aeronautics Aerospace & Defence,"Aviation & Others, Defence Equipment, Drones, Others, Space Technology","Governments, Manufacturing, Others",5 Crore + INR,"Mumbai, Maharashtra"
MAHARASHTRA INNOVATION AND TECHNOLOGICAL DEVELOPMENT FUND,Venture Capital,"Ideation, Validation, EarlyTraction, Scaling","Analytics, AR VR (Augmented + Virtual Reality), Chemicals, AI, Green Technology, Finance Technology, Education, Technology Hardware, Healthcare & Lifesciences, Nanotechnology, Biotechnology, Waste Management","Big Data, Business Intelligence, Data Science, Others, Others, Agricultural Chemicals, Commodity Chemicals, Diversified Chemicals, Others, Specialty Chemicals, Machine Learning, NLP, Others, Clean Tech, Others, Waste Management, Accounting, Advisory, Billing and Invoicing, Bitcoin and Blockchain, Business Finance, Crowdfunding, Foreign Exchange, Insurance, Microfinance, Mobile wallets Payments, Others, P2P Lending, Payment Platforms, Personal Finance, Point of Sales, Trading, Coaching, E-learning, Education Technology, Others, Skill Development, 3d printing, Electronics, Embedded, Manufacturing, Others, Semiconductor, Assistance Technology, Biotechnology, Health & Wellness, Healthcare IT, Healthcare Services, Healthcare Technology, Medical Devices Biomedical, Others, Pharmaceutical","Engineering, Location Based Services, Manufacturing",5 Crore + INR,"Mumbai, Maharashtra"
INSTITUTIONAL INVESTOR,Angel Group,EarlyTraction,Analytics,"Big Data, Business Intelligence, Data Science, Others",Governments,0 - 50 Lacs INR,"Baksa, Assam"
KOUSHIK SEKHAR,Venture Capital,"Ideation, Validation, EarlyTraction, Scaling","AR VR (Augmented + Virtual Reality), Computer Vision, Telecommunication & Networking, Aeronautics Aerospace & Defence, AI, Green Technology, Events, Finance Technology, Enterprise Software, Food & Beverages, Education, Renewable Energy, Healthcare & Lifesciences, Internet of Things, Nanotechnology, Media & Entertainment, Retail, Professional & Commercial Services, Social Impact, Logistics, Travel & Tourism, Real Estate, Robotics, Biotechnology","Integrated communication services, Network Technology Solutions, Others, Wireless, Aviation & Others, Defence Equipment, Drones, Others, Space Technology, Machine Learning, NLP, Others, Clean Tech, Others, Waste Management, Event Management, Others, Weddings, Accounting, Advisory, Billing and Invoicing, Bitcoin and Blockchain, Business Finance, Crowdfunding, Foreign Exchange, Insurance, Microfinance, Mobile wallets Payments, Others, P2P Lending, Payment Platforms, Personal Finance, Point of Sales, Trading, CXM, Cloud, Collaboration, Customer Support, ERP, Enterprise Mobility, Location Based, Others, SCM, Food Processing, Food Technology/Food Delivery, Microbrewery, Others, Restaurants, Coaching, E-learning, Education Technology, Others, Skill Development, Manufacture of Electrical Equipment, Manufacture of Machinery and Equipment, Others, Renewable Energy Solutions, Renewable Nuclear Energy, Renewable Solar Energy, Renewable Wind Energy, Assistance Technology, Biotechnology, Health & Wellness, Healthcare IT, Healthcare Services, Healthcare Technology, Medical Devices Biomedical, Others, Pharmaceutical, Manufacturing & Warehouse, Others, Smart Home, Wearables, Others, Digital Media, Digital Media Blogging, Digital Media News, Digital Media Publishing, Digital Media Video, Entertainment, Movies, OOH Media, Others, Social Media, Comparison Shopping, Others, Retail Technology, Social Commerce, Business Support Services, Business Support Supplies, Commercial Printing Services, Employment Services, Environmental Services & Equipment, Others, Professional Information Services, Corporate Social Responsibility, NGO, Others, Others, Experiential Travel, Facility Management, Holiday Rentals, Hospitality, Hotel, Others, Ticketing, Wayside Amenities, Coworking Spaces, Housing, Others, Others, Robotics Application, Robotics Technology","E-commerce, Hyperlocal, Marketplace, Online Aggregator, SaaS",2 Crore - 5 Crore INR,"Chennai, Tamil Nadu"
BLinC INVEST,Venture Capital,"EarlyTraction, Scaling","Finance Technology, Education","Accounting, Advisory, Billing and Invoicing, Bitcoin and Blockchain, Business Finance, Crowdfunding, Foreign Exchange, Insurance, Microfinance, Mobile wallets Payments, Others, P2P Lending, Payment Platforms, Personal Finance, Point of Sales, Coaching, E-learning, Education Technology, Others, Skill Development","Location Based Services, Marketplace, Platform, SaaS, Subscription Commerce",5 Crore + INR,"Mumbai, Maharashtra"
HDFC CAPITAL ADVISORS LIMITED,Private Equity,"Ideation, Validation, EarlyTraction, Scaling",Real Estate,"Coworking Spaces, Housing, Others",SaaS,2 Crore - 5 Crore INR,Delhi
EQUES CAPITAL,Private Equity,"Ideation, Validation, EarlyTraction, Scaling","AI, Green Technology, Finance Technology, Healthcare & Lifesciences, Pets & Animals, Logistics, Biotechnology, Waste Management",,"Consulting, E-commerce, Online Aggregator, SaaS, Subscription Commerce",50 Lacs - 2 Crore INR,"Ahmedabad, Gujarat"
NILESH RATHI,Others,"Ideation, Validation, EarlyTraction","Analytics, Automotive, Telecommunication & Networking, Construction, Agriculture, Events, Fashion, Finance Technology, Food & Beverages, Healthcare & Lifesciences, Media & Entertainment, Retail, Textiles & Apparel, Travel & Tourism","Big Data, Business Intelligence, Data Science, Others, Auto & Truck Manufacturers, Auto, Truck & Motorcycle Parts, Electric Vehicles, Others, Tires & Rubber Products, Integrated communication services, Network Technology Solutions, Others, Wireless, Construction & Engineering, Construction Materials, Construction Supplies & Fixtures, Homebuilding, New-age Construction Technologies, Others, Agri-Tech, Animal Husbandry, Dairy Farming, Fisheries, Food Processing, Horticulture, Organic Agriculture, Others, Event Management, Others, Weddings, Apparel, Fan Merchandise, Fashion Technology, Jewellery, Lifestyle, Others, Accounting, Advisory, Billing and Invoicing, Bitcoin and Blockchain, Business Finance, Crowdfunding, Foreign Exchange, Insurance, Microfinance, Mobile wallets Payments, Others, P2P Lending, Payment Platforms, Personal Finance, Point of Sales, Trading, Food Processing, Food Technology/Food Delivery, Microbrewery, Others, Restaurants, Assistance Technology, Biotechnology, Health & Wellness, Healthcare IT, Healthcare Services, Healthcare Technology, Medical Devices Biomedical, Others, Pharmaceutical, Digital Media, Digital Media Blogging, Digital Media News, Digital Media Publishing, Digital Media Video, Entertainment, Movies, OOH Media, Others, Social Media, Comparison Shopping, Others, Retail Technology, Social Commerce, Apparel & Accessories, Leather Footwear, Leather Textiles Goods, Non- Leather Footwear, Non- Leather Textiles Goods, Others, Experiential Travel, Facility Management, Holiday Rentals, Hospitality, Hotel, Others, Ticketing, Wayside Amenities","Manufacturing, Online Aggregator, Peer to Peer, Research",0 - 50 Lacs INR,"Thane, Maharashtra"
ZAR PARTNER,Venture Capital,"Ideation, Validation, EarlyTraction","AI, Enterprise Software, Internet of Things, Transportation & Storage, Logistics","Machine Learning, NLP, Others, CXM, Cloud, Collaboration, Customer Support, ERP, Enterprise Mobility, Location Based, Others, SCM, Manufacturing & Warehouse, Others, Smart Home, Wearables, Freight & Logistics Services, Others, Passenger Transportation Services, Traffic Management, Transport Infrastructure","E-commerce, Enterprise Mobility, Marketplace, Platform, SaaS",0 - 50 Lacs INR,"Coimbatore, Tamil Nadu"
AURUM PROPTECH,Venture Capital,"Ideation, Validation, EarlyTraction, Scaling","AR VR (Augmented + Virtual Reality), Construction, Green Technology, Internet of Things, Real Estate",,"Marketplace, Peer to Peer",5 Crore + INR,"Mumbai, Maharashtra"
SUMEET SINGH,Angel Group,"Validation, EarlyTraction","Automotive, Construction, Agriculture, Green Technology, Finance Technology, Renewable Energy, Social Impact","Auto & Truck Manufacturers, Auto, Truck & Motorcycle Parts, Electric Vehicles, Others, Tires & Rubber Products, Construction & Engineering, Construction Materials, Construction Supplies & Fixtures, Homebuilding, New-age Construction Technologies, Others, Agri-Tech, Animal Husbandry, Dairy Farming, Fisheries, Food Processing, Horticulture, Organic Agriculture, Others, Clean Tech, Others, Waste Management, Accounting, Advisory, Billing and Invoicing, Bitcoin and Blockchain, Business Finance, Crowdfunding, Foreign Exchange, Insurance, Microfinance, Mobile wallets Payments, Others, P2P Lending, Payment Platforms, Personal Finance, Point of Sales, Trading, Manufacture of Electrical Equipment, Manufacture of Machinery and Equipment, Others, Renewable Energy Solutions, Renewable Nuclear Energy, Renewable Solar Energy, Renewable Wind Energy, Corporate Social Responsibility, NGO, Others",Others,50 Lacs - 2 Crore INR,"Noida, Uttar Pradesh"
ANKURIT CAPITAL FUND,Venture Capital,"EarlyTraction, Scaling","Analytics, AR VR (Augmented + Virtual Reality), Computer Vision, Agriculture, Finance Technology, Enterprise Software, Food & Beverages, Education, Healthcare & Lifesciences, Logistics,","Big Data, Business Intelligence, Data Science, Others, Others, Others, Agri-Tech, Animal Husbandry, Dairy Farming, Fisheries, Food Processing, Horticulture, Organic Agriculture, Others, Accounting, Advisory, Billing and Invoicing, Bitcoin and Blockchain, Business Finance, Crowdfunding, Foreign Exchange, Insurance, Microfinance, Mobile wallets Payments, Others, P2P Lending, Payment Platforms, Personal Finance, Point of Sales, Trading, CXM, Cloud, Collaboration, Customer Support, ERP, Enterprise Mobility, Location Based, Others, SCM, Food Processing, Food Technology/Food Delivery, Microbrewery, Others, Restaurants, Coaching, E-learning, Education Technology, Others, Skill Development, Assistance Technology, Biotechnology, Health & Wellness, Healthcare IT, Healthcare Services, Healthcare Technology, Medical Devices Biomedical, Others, Pharmaceutical, Others,","Discovery, Governments, Hyperlocal, Location Based Services",2 Crore - 5 Crore INR,"New Delhi, Delhi"
LI EAR,Venture Capital,"Ideation, Validation, EarlyTraction, Scaling",Agriculture,"Dairy Farming, Organic Agriculture, Agri-Tech, Food Processing, Others, Horticulture, Fisheries, Animal Husbandry","E-commerce, Online Aggregator, Platform, SaaS",5 Crore + INR,"Bengaluru, Karnataka"
ANKUR CAPITAL,Venture Capital,"Validation, EarlyTraction","Computer Vision, Agriculture, Green Technology, Finance Technology, Food & Beverages, Education, Technology Hardware, Healthcare & Lifesciences, Nanotechnology, Media & Entertainment, Retail, Social Impact, Social Network, Indic Language Startups, Transportation & Storage, Logistics, Robotics, Biotechnology"," Agri-Tech, Animal Husbandry, Dairy Farming, Fisheries, Food Processing, Horticulture, Organic Agriculture, Others, Clean Tech, Others, Waste Management, Accounting, Advisory, Billing and Invoicing, Bitcoin and Blockchain, Business Finance, Crowdfunding, Foreign Exchange, Insurance, Microfinance, Mobile wallets Payments, Others, P2P Lending, Payment Platforms, Personal Finance, Point of Sales, Trading, Food Processing, Food Technology/Food Delivery, Microbrewery, Others, Restaurants, Coaching, E-learning, Education Technology, Others, Skill Development, 3d printing, Electronics, Embedded, Manufacturing, Others, Semiconductor, Biotechnology, Health & Wellness, Healthcare IT, Healthcare Services, Healthcare Technology, Medical Devices Biomedical, Others, Pharmaceutical, Others, Digital Media, Digital Media Blogging, Digital Media News, Digital Media Publishing, Digital Media Video, Entertainment, Movies, OOH Media, Others, Social Media, Comparison Shopping, Others, Retail Technology, Social Commerce, Corporate Social Responsibility, NGO, Others, Others, E-Commerce, Education, Media and Entertainment, Natural Language Processing, Social Media, Utility Services, Freight & Logistics Services, Others, Passenger Transportation Services, Traffic Management, Transport Infrastructure, Others, Others, Robotics Application, Robotics Technology, Others","Discovery, E-commerce, Marketplace, Mobile, SaaS",2 Crore - 5 Crore INR,"Mumbai, Maharashtra"
CAMPUS FUND,Others,"Ideation, Validation, EarlyTraction, Scaling","AR VR (Augmented + Virtual Reality), Automotive, Education, Renewable Energy, Green Technology, Finance Technology, Healthcare & Lifesciences, Internet of Things, Transportation & Storage, Agriculture, Logistics, Waste Management, Biotechnology","Electric Vehicles, E-learning, Skill Development, Coaching, Others, Renewable Solar Energy, Renewable Wind Energy, Renewable Nuclear Energy, Renewable Energy Solutions, Others, Waste Management, Clean Tech, Others, Crowdfunding, Mobile wallets Payments, Point of Sales, Payment Platforms, Trading, Billing and Invoicing, Personal Finance, Insurance, Advisory, Business Finance, P2P Lending, Bitcoin and Blockchain, Microfinance, Foreign Exchange, Accounting, Others, Medical Devices Biomedical, Health & Wellness, Pharmaceutical, Biotechnology, Healthcare Services, Healthcare IT, Healthcare Technology, Others, Smart Home, Manufacturing & Warehouse, Wearables, Others, Freight & Logistics Services, Passenger Transportation Services, Transport Infrastructure, Others, Dairy Farming, Organic Agriculture, Agri-Tech, Food Processing, Others","Consumer Internet, Discovery, E-commerce, Engineering, SaaS",0 - 50 Lacs INR,"Bengaluru, Karnataka"
NARAYANAN MURALIDHARAN,Venture Capital,"Ideation, Validation, EarlyTraction, Scaling","Marketing, Aeronautics Aerospace & Defence, AI, Analytics, Automotive, Telecommunication & Networking, Computer Vision, Education, Renewable Energy, Green Technology, Enterprise Software, Events, Finance Technology, Food & Beverages, Technology Hardware, Healthcare & Lifesciences, Internet of Things, IT Services, Media & Entertainment, Nanotechnology, Robotics, Logistics","Sales, Loyalty, Discovery, Branding, Digital Marketing (SEO Automation), Market Research, Others, Drones, Others, Machine Learning, NLP, Others, Business Intelligence, Big Data, Data Science, Others, Auto & Truck Manufacturers, Auto, Truck & Motorcycle Parts, Tires & Rubber Products, Others, Electric Vehicles, Wireless, Integrated communication services, Network Technology Solutions, Others, Others, E-learning, Education Technology, Skill Development, Coaching, Others, Renewable Solar Energy, Renewable Wind Energy, Renewable Nuclear Energy, Renewable Energy Solutions, Others, Waste Management, Clean Tech, Others, Cloud, ERP, CXM, SCM, Customer Support, Collaboration, Location Based, Enterprise Mobility, Others, Weddings, Event Management, Others, Crowdfunding, Mobile wallets Payments, Point of Sales, Payment Platforms, Trading, Billing and Invoicing, Personal Finance, Insurance, Advisory, Business Finance, P2P Lending, Bitcoin and Blockchain, Microfinance, Foreign Exchange, Accounting, Others, Restaurants, Microbrewery, Food Processing, Others, Embedded, Semiconductor, Electronics, 3d printing, Others, Manufacturing, Medical Devices Biomedical, Health & Wellness, Pharmaceutical, Biotechnology, Healthcare Services, Healthcare IT, Healthcare Technology, Others, Smart Home, Manufacturing & Warehouse, Wearables, Others, IT Consulting, BPO, KPO, Web Development, Product Development, Application Development, Testing, IT Management, Project Management, Others, Digital Media News, Digital Media Video, Digital Media Blogging, Digital Media Publishing, Digital Media, Movies, OOH Media, Social Media, Entertainment, Others, Others, Robotics Technology, Robotics Application, Other","Consumer Internet, Engineering, Platform, SaaS, Others",50 Lacs - 2 Crore INR,"Mumbai, Maharashtra"
SANDIP SINGH,Private Company,Scaling,"AI, Analytics, Animation, AR VR (Augmented + Virtual Reality), Automotive, Construction, Renewable Energy, Finance Technology, Healthcare & Lifesciences, Agriculture","Machine Learning, NLP, Others, Business Intelligence, Big Data, Data Science, Others, Others, Others, Auto & Truck Manufacturers, Auto, Truck & Motorcycle Parts, Tires & Rubber Products, Others, Electric Vehicles, New-age Construction Technologies, Construction Materials, Construction & Engineering, Construction Supplies & Fixtures, Homebuilding, Others, Renewable Solar Energy, Renewable Wind Energy, Renewable Nuclear Energy, Renewable Energy Solutions, Others, Crowdfunding, Mobile wallets Payments, Point of Sales, Payment Platforms, Trading, Billing and Invoicing, Personal Finance, Insurance, Advisory, Business Finance, P2P Lending, Bitcoin and Blockchain, Microfinance, Foreign Exchange, Accounting, Others, Medical Devices Biomedical, Health & Wellness, Pharmaceutical, Biotechnology, Healthcare Services, Healthcare IT, Healthcare Technology, Others, Dairy Farming, Organic Agriculture, Agri-Tech, Food Processing","Consulting, Discovery, Location Based Services, Manufacturing",50 Lacs - 2 Crore INR,"Pune, Maharashtra"
MANIPAL TECHNOLOGIES LIMITED,Private Company,"Validation, EarlyTraction, Scaling","Finance Technology, Retail, Professional & Commercial Services","Microfinance, Payment Platforms, Others, Business Support Supplies, Commercial Printing Services","E-commerce, Hyperlocal, Marketplace, SaaS",0 - 50 Lacs INR,"Bengaluru, Karnataka"
ORIOS VENTURE PARTNERS,Venture Capital,"Validation, EarlyTraction","Agriculture, Finance Technology, Food & Beverages, Education, Healthcare & Lifesciences, Media & Entertainment, Retail, Social Network, Transportation & Storage, Logistics","Agri-Tech, Animal Husbandry, Dairy Farming, Fisheries, Food Processing, Horticulture, Organic Agriculture, Others, Accounting, Advisory, Billing and Invoicing, Bitcoin and Blockchain, Business Finance, Crowdfunding, Foreign Exchange, Insurance, Microfinance, Mobile wallets Payments, Others, P2P Lending, Payment Platforms, Personal Finance, Point of Sales, Trading, Food Processing, Food Technology/Food Delivery, Microbrewery, Others, Restaurants, Coaching, E-learning, Education Technology, Others, Skill Development, Biotechnology, Health & Wellness, Healthcare IT, Healthcare Services, Healthcare Technology, Medical Devices Biomedical, Others, Pharmaceutical, Digital Media, Digital Media Blogging, Digital Media News, Digital Media Publishing, Digital Media Video, Entertainment, Movies, OOH Media, Others, Social Media, Comparison Shopping, Others, Retail Technology, Social Commerce, Others, Freight & Logistics Services, Others, Passenger Transportation Services, Traffic Management, Transport Infrastructure","Consumer Internet, E-commerce, Mobile, Peer to Peer, SaaS",2 Crore - 5 Crore INR,"Bengaluru, Karnataka"
MAYURESH RAUT,Venture Capital,"Ideation, Validation, EarlyTraction","Analytics, Computer Vision, Agriculture, AI, Finance Technology, Enterprise Software, Education, Healthcare & Lifesciences, Internet of Things, Logistics, Security Solutions, Real Estate, Robotics, Biotechnology","Big Data, Business Intelligence, Data Science, Others, Others, Agri-Tech, Animal Husbandry, Dairy Farming, Fisheries, Food Processing, Horticulture, Organic Agriculture, Others, Machine Learning, NLP, Others, Accounting, Advisory, Billing and Invoicing, Bitcoin and Blockchain, Business Finance, Crowdfunding, Foreign Exchange, Insurance, Microfinance, Mobile wallets Payments, Others, P2P Lending, Payment Platforms, Personal Finance, Point of Sales, Trading, CXM, Cloud, Collaboration, Customer Support, ERP, Enterprise Mobility, Location Based, Others, SCM, Coaching, E-learning, Education Technology, Others, Skill Development, Biotechnology, Health & Wellness, Healthcare IT, Healthcare Services, Healthcare Technology, Medical Devices Biomedical, Others, Pharmaceutical, Manufacturing & Warehouse, Others, Smart Home, Wearables, Others, Cyber Security, Home Security solutions, Others, Public Citizen Security Solutions, Coworking Spaces, Housing, Others, Others, Robotics Application, Robotics Technology,","Consulting, Consumer Internet, Enterprise Mobility, Mobile, SaaS",50 Lacs - 2 Crore INR,"Bengaluru, Karnataka"
GROTOG INVESTMENT,Venture Capital,"Ideation, Validation, EarlyTraction","AI, Analytics, Telecommunication & Networking, Non- Renewable Energy, Renewable Energy, Finance Technology, Healthcare & Lifesciences, Internet of Things, IT Services, Media & Entertainment, Nanotechnology, Agriculture, Waste Management, Biotechnology","Machine Learning, NLP, Others, Business Intelligence, Big Data, Data Science, Others, Wireless, Integrated communication services, Network Technology Solutions, Others, Oil & Gas Exploration and Production, Oil & Gas Drilling, Oil Related Services and Equipment, Oil & Gas Transportation Services, Others, Renewable Solar Energy, Renewable Wind Energy, Renewable Nuclear Energy, Renewable Energy Solutions, Others, Crowdfunding, Mobile wallets Payments, Point of Sales, Payment Platforms, Trading, Billing and Invoicing, Personal Finance, Insurance, Advisory, Business Finance, P2P Lending, Bitcoin and Blockchain, Microfinance, Foreign Exchange, Accounting, Others, Medical Devices Biomedical, Health & Wellness, Pharmaceutical, Biotechnology, Healthcare Services, Healthcare IT, Healthcare Technology, Others, Smart Home, Manufacturing & Warehouse, Wearables, Others, IT Consulting, BPO, KPO, Web Development, Product Development, Application Development, Testing, IT Management, Project Management, Others, Digital Media News, Digital Media Video, Digital Media Blogging, Digital Media Publishing, Digital Media, Movies, OOH Media, Social Media, Entertainment, Others, Others, Dairy Farming, Organic Agriculture, Agri-Tech, Food Processing, Others","Consulting, Consumer Internet, Discovery, E-commerce",50 Lacs - 2 Crore INR,"Mumbai, Maharashtra"
PROSUS,Private Equity,"Ideation, Validation, EarlyTraction, Scaling",Internet of Things,Others,Consumer Internet,5 Crore + INR,"New Delhi, Delhi"
PRANAV SANGHVI,Private Company,"Ideation, Validation, EarlyTraction","AR VR (Augmented + Virtual Reality), Telecommunication & Networking, Finance Technology, Education, Renewable Energy, Healthcare & Lifesciences, IT Services, Nanotechnology, Textiles & Apparel","Integrated communication services, Network Technology Solutions, Others, Wireless, Accounting, Advisory, Billing and Invoicing, Bitcoin and Blockchain, Business Finance, Crowdfunding, Foreign Exchange, Insurance, Microfinance, Mobile wallets Payments, Others, P2P Lending, Payment Platforms, Personal Finance, Point of Sales, Trading, Coaching, E-learning, Education Technology, Others, Skill Development, Manufacture of Electrical Equipment, Manufacture of Machinery and Equipment, Others, Renewable Energy Solutions, Renewable Nuclear Energy, Renewable Solar Energy, Renewable Wind Energy, Assistance Technology, Biotechnology, Health & Wellness, Healthcare IT, Healthcare Services, Healthcare Technology, Medical Devices Biomedical, Others, Pharmaceutical, Application Development, BPO, IT Consulting, IT Management, KPO, Others, Product Development, Project Management, Testing, Web Development, Others, Apparel & Accessories, Leather Footwear, Leather Textiles Goods, Non- Leather Footwear, Non- Leather Textiles Goods, Others","Discovery, E-commerce, Online Aggregator, Research, Others",0 - 50 Lacs INR,"Mumbai, Maharashtra"
ANGELLIST INDIA,Venture Capital,"Ideation, Validation, EarlyTraction, Scaling",Finance Technology,Others,Online Aggregator,50 Lacs - 2 Crore INR,"Bengaluru, Karnataka"
PROCTER & GAMBLE,Private Company,"EarlyTraction, Scaling",Others,Others,Manufacturing,0 - 50 Lacs INR,"Mumbai, Maharashtra"
DIVYA GUPTA,Private Company,Scaling,Technology Hardware,"3d printing, Electronics, Embedded, Manufacturing, Others, Semiconductor",SaaS,0 - 50 Lacs INR,"Jaipur, Rajasthan"
EMMA HELLSTADIUS,Private Company,Ideation,Fashion,"Fashion Technology, Lifestyle, Apparel",Others,0 - 50 Lacs INR,"Delhi, Delhi"
DEXTARA DIGITAL PRIVATE LIMITED,Private Company,Validation,IT Services,"IT Consulting, IT Management, Project Management","Consulting, E-commerce, Others",50 Lacs - 2 Crore INR,"Hyderabad, Telangana"
SALMAN SAIFI,Others,"Ideation, Validation",Chemicals,Commodity Chemicals,Others,50 Lacs - 2 Crore INR,"Sikandrabad, Uttar Pradesh"
RAHUL GUPTA,Private Company,EarlyTraction,Media & Entertainment,"Digital Media News, Digital Media Video, Digital Media Blogging, Digital Media Publishing, Digital Media, Movies, OOH Media, Social Media, Entertainment",Consumer Internet,5 Crore + INR,"Delhi, Delhi"
HIMANSHU,Others,Ideation,Others,Others,Consulting,0 - 50 Lacs INR,"New Delhi, Delhi"
PRATIK MAHESH LODHA,Venture Capital,Validation,"Finance Technology, Logistics","Crowdfunding, Mobile wallets Payments, Point of Sales, Payment Platforms, Trading, Billing and Invoicing, Personal Finance, Insurance, Advisory, Business Finance, P2P Lending, Bitcoin and Blockchain, Microfinance, Foreign Exchange, Accounting, Others",E-commerce,5 Crore + INR,"Mumbai, Maharashtra"
SHIVAM MEHRA,Private Company,"Ideation, Validation","Finance Technology, Food & Beverages, Human Resources, Real Estate, Retail, Sports, Waste Management","Crowdfunding, Mobile wallets Payments, Point of Sales, Payment Platforms, Trading, Billing and Invoicing, Personal Finance, Insurance, Advisory, Business Finance, P2P Lending, Bitcoin and Blockchain, Microfinance, Foreign Exchange, Accounting, Others, Restaurants, Microbrewery, Food Processing, Others, Recruitment Jobs, Training, Skills Assessment, Talent Management, Internships, Others, Housing, Coworking Spaces, Others, Retail Technology, Social Commerce, Comparison Shopping, Others, Fantasy Sports, Sports Promotion and Networking","Manufacturing, Marketplace, Mobile, Platform, Sharing Economy",50 Lacs - 2 Crore INR,"Mumbai, Maharashtra"
SUHAGKUMAR VAMJA,Private Company,Validation,"Marketing, Aeronautics Aerospace & Defence, Analytics","Sales, Loyalty, Discovery, Branding, Digital Marketing (SEO Automation), Market Research, Others, Drones, Others, Business Intelligence, Big Data, Data Science, Others","Consumer Internet, E-commerce",2 Crore - 5 Crore INR,"Ahmedabad, Gujarat"
KAMAL KISHOR,Others,EarlyTraction,Security Solutions,"Cyber Security, Home Security solutions, Others","Engineering, Governments, Manufacturing",50 Lacs - 2 Crore INR,"Ghaziabad, Uttar Pradesh"
STRIDE VENTURES,Others,EarlyTraction,Finance Technology,"Accounting, Advisory, Billing and Invoicing, Bitcoin and Blockchain, Business Finance, Crowdfunding, Foreign Exchange, Insurance, Microfinance, Mobile wallets Payments, Others, P2P Lending, Payment Platforms, Personal Finance, Point of Sales, Trading",Platform,5 Crore + INR,"Delhi, Delhi"
100X.VC,Venture Capital,"Validation, EarlyTraction, Scaling","Analytics, Advertising, AR VR (Augmented + Virtual Reality), Computer Vision, Aeronautics Aerospace & Defence, AI, Green Technology, Fashion, Finance Technology, Enterprise Software, Food & Beverages, Design, Education, Renewable Energy, Healthcare & Lifesciences, Internet of Things, IT Services, Human Resources, Nanotechnology, Media & Entertainment, Social Impact, Social Network, Textiles & Apparel, Transportation & Storage, Logistics, Robotics","Big Data, Business Intelligence, Data Science, Others, AdTech, Online Classified, Others, Others, Others, Drones, Others, Machine Learning, NLP, Others, Clean Tech, Others, Waste Management, Apparel, Fan Merchandise, Fashion Technology, Jewellery, Lifestyle, Others, Accounting, Advisory, Billing and Invoicing, Bitcoin and Blockchain, Business Finance, Crowdfunding, Foreign Exchange, Insurance, Microfinance, Mobile wallets Payments, Others, P2P Lending, Payment Platforms, Personal Finance, Point of Sales, Trading, CXM, Cloud, Collaboration, Customer Support, ERP, Enterprise Mobility, Location Based, Others, SCM, Food Processing, Microbrewery, Others, Restaurants, Industrial Design, Others, Web Design, Coaching, E-learning, Education Technology, Others, Skill Development, Others, Renewable Energy Solutions, Renewable Nuclear Energy, Renewable Solar Energy, Renewable Wind Energy, Biotechnology, Health & Wellness, Healthcare IT, Healthcare Services, Healthcare Technology, Medical Devices Biomedical, Others, Pharmaceutical, Manufacturing & Warehouse, Others, Smart Home, Wearables, Application Development, BPO, IT Consulting, IT Management, KPO, Others, Product Development, Project Management, Testing, Web Development, Internships, Others, Recruitment Jobs, Skills Assessment, Talent Management, Training, Others, Digital Media, Digital Media Blogging, Digital Media News, Digital Media Publishing, Digital Media Video, Entertainment, Movies, OOH Media, Others, Social Media, NGO, Others, Others, Apparel & Accessories, Leather Footwear, Leather Textiles Goods, Non- Leather Footwear, Non- Leather Textiles Goods, Others, Freight & Logistics Services, Others, Passenger Transportation Services, Transport Infrastructure, Others, Others, Robotics Application, Robotics Technology","Consumer Internet, Discovery, E-commerce, Engineering, Enterprise Mobility, Hyperlocal, Manufacturing, Marketplace, Online Aggregator, Platform, SaaS, Subscription Commerce",0 - 50 Lacs INR,"Mumbai, Maharashtra"
YASH MUMBAI ANGELS,Angel Group,"Ideation, Validation, EarlyTraction, Scaling",Finance Technology,"Crowdfunding, Mobile wallets Payments, Point of Sales, Payment Platforms, Trading, Billing and Invoicing, Personal Finance, Insurance, Advisory, Business Finance, P2P Lending, Bitcoin and Blockchain, Microfinance, Foreign Exchange, Accounting, Others",Consulting,5 Crore + INR,"Mumbai, Maharashtra"
RSMIPL,Others,"EarlyTraction, Scaling",Technology Hardware,"Embedded, Semiconductor, Electronics, 3d printing, Others, Manufacturing",Manufacturing,0 - 50 Lacs INR,"Chennai, Tamil Nadu"
ACHIEVING WOMEN ENTREPRENEURS FUNDS,Private Equity,EarlyTraction,"Agriculture, Green Technology, Finance Technology, Food & Beverages, Education, Healthcare & Lifesciences, Others","Agri-Tech, Animal Husbandry, Dairy Farming, Fisheries, Food Processing, Horticulture, Organic Agriculture, Others, Clean Tech, Others, Waste Management, Accounting, Advisory, Billing and Invoicing, Bitcoin and Blockchain, Business Finance, Crowdfunding, Foreign Exchange, Insurance, Microfinance, Mobile wallets Payments, Others, P2P Lending, Payment Platforms, Personal Finance, Point of Sales, Trading, Food Processing, Food Technology/Food Delivery, Microbrewery, Others, Restaurants, Coaching, E-learning, Education Technology, Others, Skill Development, Assistance Technology, Biotechnology, Health & Wellness, Healthcare IT, Healthcare Services, Healthcare Technology, Medical Devices Biomedical, Others, Pharmaceutical, Others","Consulting, Others",2 Crore - 5 Crore INR,"Mumbai, Maharashtra"
NAIR VENTURES,Venture Capital,"Ideation, Validation, EarlyTraction, Scaling","Events, Fashion, Finance Technology, Food & Beverages, Internet of Things, Real Estate, Retail, Robotics, Textiles & Apparel","Event Management, Fashion Technology, Lifestyle, Apparel, Crowdfunding, Mobile wallets Payments, Point of Sales, Payment Platforms, Personal Finance, Insurance, Advisory, Business Finance, P2P Lending, Bitcoin and Blockchain, Microfinance, Restaurants, Microbrewery, Food Processing, Others, Smart Home, Manufacturing & Warehouse, Wearables, Others, Housing, Coworking Spaces, Others, Retail Technology, Social Commerce, Comparison Shopping, Others, Robotics Technology, Robotics Application, Others, Leather Textiles Goods, Non- Leather Textiles Goods, Apparel & Accessories, Leather Footwear, Non- Leather Footwear, Others","Consulting, Discovery",5 Crore + INR,"Navi Mumbai, Maharashtra"
SKYLARK VENTURES,Venture Capital,"Validation, EarlyTraction","AR VR (Augmented + Virtual Reality), Art & Photography, AI, Fashion, Finance Technology, Food & Beverages, Dating Matrimonial, Education, Healthcare & Lifesciences, Marketing, Retail, Social Network, Transportation & Storage, Safety, Robotics","Art, Handicraft, Others, Photography, Machine Learning, NLP, Others, Apparel, Fan Merchandise, Fashion Technology, Jewellery, Lifestyle, Others, Accounting, Advisory, Billing and Invoicing, Bitcoin and Blockchain, Business Finance, Crowdfunding, Foreign Exchange, Insurance, Microfinance, Mobile wallets Payments, Others, P2P Lending, Payment Platforms, Personal Finance, Point of Sales, Trading, Food Processing, Microbrewery, Others, Restaurants, Others, Coaching, E-learning, Education Technology, Others, Skill Development, Biotechnology, Health & Wellness, Healthcare IT, Healthcare Services, Healthcare Technology, Medical Devices Biomedical, Others, Pharmaceutical, Branding, Digital Marketing (SEO Automation), Discovery, Loyalty, Market Research, Others, Sales, Comparison Shopping, Others, Retail Technology, Social Commerce, Others, Freight & Logistics Services, Others, Passenger Transportation Services, Transport Infrastructure, Others, Personal Security, Others, Robotics Application, Robotics Technology","Consulting, Consumer Internet, E-commerce, Enterprise Mobility, Marketplace, Mobile, Online Aggregator, Rental, Social Enterprise",5 Crore + INR,"New Delhi, Delhi"
CHRISTINE VINCENT,,EarlyTraction,"AI, AR VR (Augmented + Virtual Reality), Green Technology, Finance Technology, Internet of Things","Machine Learning, NLP, Others, Others, Waste Management, Clean Tech, Others, Crowdfunding, Mobile wallets Payments, Point of Sales, Payment Platforms, Trading, Billing and Invoicing, Personal Finance, Insurance, Advisory, Business Finance, P2P Lending, Bitcoin and Blockchain, Microfinance, Foreign Exchange, Accounting, Others, Smart Home, Manufacturing & Warehouse, Wearables, Others",Others,5 Crore + INR,"Chennai, Tamil Nadu"
INDIA MOBILE CONGRESS,Others,"EarlyTraction, Scaling","AI, Telecommunication & Networking, Internet of Things","Machine Learning, NLP, Others, Wireless, Integrated communication services, Network Technology Solutions, Others, Smart Home, Manufacturing & Warehouse, Wearables, Others","Engineering, Mobile, Others",50 Lacs - 2 Crore INR,"New Delhi, Delhi"
RAMESH BYRAPANENI,,EarlyTraction,"AI, Computer Vision, Enterprise Software, Finance Technology, Healthcare & Lifesciences, Agriculture, Biotechnology","Machine Learning, NLP, Others, Others, Cloud, Crowdfunding, Mobile wallets Payments, Point of Sales, Payment Platforms, Trading, Billing and Invoicing, Personal Finance, Insurance, Advisory, Business Finance, P2P Lending, Bitcoin and Blockchain, Microfinance, Foreign Exchange, Accounting, Others, Medical Devices Biomedical, Health & Wellness, Pharmaceutical, Biotechnology, Healthcare Services, Healthcare IT, Healthcare Technology, Others, Agri-Tech, Others",Mobile,5 Crore + INR,"Hyderabad, Telangana"
RRW CAPITAL,Private Company,Ideation,Agriculture,"Dairy Farming, Organic Agriculture, Agri-Tech","Offline, Subscription Commerce",2 Crore - 5 Crore INR,"New Delhi, Delhi"
SYNERGETIC VENTURES PVT LTD,Private Company,"Validation, EarlyTraction, Scaling","Aeronautics Aerospace & Defence, AI, Chemicals, Renewable Energy, Green Technology, Food & Beverages, Healthcare & Lifesciences, IT Services, Pets & Animals, Other Specialty Retailers","Drones, Others, Machine Learning, NLP, Others, Commodity Chemicals, Agricultural Chemicals, Specialty Chemicals, Diversified Chemicals, Others, Renewable Solar Energy, Renewable Wind Energy, Renewable Nuclear Energy, Renewable Energy Solutions, Others, Waste Management, Clean Tech, Others, Restaurants, Microbrewery, Food Processing, Others, Medical Devices Biomedical, Health & Wellness, Pharmaceutical, Biotechnology, Healthcare Services, Healthcare IT, Healthcare Technology, Others, IT Consulting, BPO, KPO, Web Development, Product Development, Application Development, Testing, IT Management, Project Management, Others, Others, Auto Vehicles, Parts & Service Retailers, Home Improvement Products & Services Retailers, Home Furnishings Retailers, Computer & Electronics Retailers","E-commerce, Engineering, Governments, Manufacturing, Marketplace, Online Aggregator, Platform",2 Crore - 5 Crore INR,"Thane, Maharashtra"
YOURNEST VENTURE CAPITAL,,"Validation, EarlyTraction, Scaling","AI, Analytics, AR VR (Augmented + Virtual Reality), Telecommunication & Networking, Computer Vision, Green Technology, Finance Technology, Technology Hardware","Machine Learning, NLP, Others, Business Intelligence, Big Data, Data Science, Others, Others, Wireless, Integrated communication services, Network Technology Solutions, Others, Others, Waste Management, Clean Tech, Others, Crowdfunding, Mobile wallets Payments, Point of Sales, Payment Platforms, Trading, Billing and Invoicing, Personal Finance, Insurance, Advisory, Business Finance, P2P Lending, Bitcoin and Blockchain, Microfinance, Foreign Exchange, Accounting, Others, Embedded, Semiconductor, Electronics, 3d printing","Hyperlocal, Manufacturing, Peer to Peer, Research, SaaS, Sharing Economy, Social Enterprise, Subscription Commerce",2 Crore - 5 Crore INR,"New Delhi, Delhi"
JUBIN SHAH,Private Company,"Validation, EarlyTraction","AI, AR VR (Augmented + Virtual Reality), Healthcare & Lifesciences, Robotics","Machine Learning, NLP, Others, Others, Medical Devices Biomedical, Health & Wellness, Pharmaceutical, Healthcare Services, Healthcare IT, Healthcare Technology, Others, Robotics Technology, Robotics Application, Others","Consulting, Marketplace, Platform",0 - 50 Lacs INR,"New Delhi, Delhi"
SANJAY,Venture Capital,EarlyTraction,"AI, Healthcare & Lifesciences, Robotics, Security Solutions, Agriculture","Machine Learning, NLP, Others, Medical Devices Biomedical, Health & Wellness, Healthcare Services, Healthcare Technology, Robotics Technology, Robotics Application, Others, Cyber Security, Home Security solutions, Others, Agri-Tech","Consumer Internet, Discovery, Engineering",50 Lacs - 2 Crore INR,"Hyderabad, Telangana"
MANOJ KUMAR AGARWAL,Venture Capital,EarlyTraction,"AI, Analytics, AR VR (Augmented + Virtual Reality), Computer Vision, Education, Finance Technology, Healthcare & Lifesciences, Human Resources, Internet of Things, Media & Entertainment","Machine Learning, NLP, Others, Business Intelligence, Big Data, Data Science, Others, Others, E-learning, Education Technology, Coaching, Mobile wallets Payments, Point of Sales, Payment Platforms, Trading, Billing and Invoicing, Insurance, Business Finance, Bitcoin and Blockchain, Microfinance, Medical Devices Biomedical, Health & Wellness, Pharmaceutical, Biotechnology, Healthcare Services, Healthcare IT, Healthcare Technology, Others, Recruitment Jobs, Training, Skills Assessment, Talent Management, Internships, Others, Smart Home, Wearables, Others, Digital Media News, Digital Media Video, Digital Media Blogging, Digital Media Publishing, Digital Media, Movies, OOH Media, Social Media, Entertainment","Consulting, Consumer Internet, Discovery, Enterprise Mobility, Mobile, Rental, SaaS, Sharing Economy, Social Enterprise, Subscription Commerce",50 Lacs - 2 Crore INR,"Bengaluru, Karnataka"
CHERIKA JAIN,Venture Capital,"Ideation, Validation, EarlyTraction, Scaling","Analytics, Advertising, AR VR (Augmented + Virtual Reality), Computer Vision, Telecommunication & Networking, Agriculture, AI, Green Technology, Fashion, Finance Technology, Enterprise Software, Food & Beverages, Dating Matrimonial, Education, Renewable Energy, Healthcare & Lifesciences, Internet of Things, IT Services, Human Resources, Pets & Animals, Media & Entertainment, Retail, House-Hold Services, Professional & Commercial Services, Sports, Social Impact, Social Network, Textiles & Apparel, Logistics, Travel & Tourism, Security Solutions, Other Specialty Retailers, Robotics","Big Data, Business Intelligence, Data Science, Others, AdTech, Online Classified, Others, Others, Others, Integrated communication services, Network Technology Solutions, Others, Wireless, Agri-Tech, Animal Husbandry, Dairy Farming, Fisheries, Food Processing, Horticulture, Organic Agriculture, Others, Machine Learning, NLP, Others, Clean Tech, Others, Waste Management, Apparel, Fan Merchandise, Fashion Technology, Jewellery, Lifestyle, Others, Accounting, Advisory, Billing and Invoicing, Bitcoin and Blockchain, Business Finance, Crowdfunding, Foreign Exchange, Insurance, Microfinance, Mobile wallets Payments, Others, P2P Lending, Payment Platforms, Personal Finance, Point of Sales, Trading, CXM, Cloud, Collaboration, Customer Support, ERP, Enterprise Mobility, Location Based, Others, SCM, Food Processing, Food Technology/Food Delivery, Microbrewery, Others, Restaurants, Others, Coaching, E-learning, Education Technology, Others, Skill Development, Manufacture of Electrical Equipment, Manufacture of Machinery and Equipment, Others, Renewable Energy Solutions, Renewable Nuclear Energy, Renewable Solar Energy, Renewable Wind Energy, Assistance Technology, Biotechnology, Health & Wellness, Healthcare IT, Healthcare Services, Healthcare Technology, Medical Devices Biomedical, Others, Pharmaceutical, Manufacturing & Warehouse, Others, Smart Home, Wearables, Application Development, BPO, IT Consulting, IT Management, KPO, Others, Product Development, Project Management, Testing, Web Development, Internships, Others, Recruitment Jobs, Skills Assessment, Talent Management, Training, Others, Digital Media, Digital Media Blogging, Digital Media News, Digital Media Publishing, Digital Media Video, Entertainment, Movies, OOH Media, Others, Social Media, Comparison Shopping, Others, Retail Technology, Social Commerce, Baby Care, Home Care, Laundry, Others, Personal Care, Business Support Services, Business Support Supplies, Commercial Printing Services, Employment Services, Environmental Services & Equipment, Others, Professional Information Services, Fantasy Sports, Others, Sports Promotion and Networking, Corporate Social Responsibility, NGO, Others, Others, Apparel & Accessories, Leather Footwear, Leather Textiles Goods, Non- Leather Footwear, Non- Leather Textiles Goods, Others, Others, Experiential Travel, Facility Management, Holiday Rentals, Hospitality, Hotel, Others, Ticketing, Wayside Amenities, Cyber Security, Home Security solutions, Others, Public Citizen Security Solutions, Auto Vehicles, Parts & Service Retailers, Computer & Electronics Retailers, Home Furnishings Retailers, Home Improvement Products & Services Retailers, Others, Others, Robotics Application, Robotics Technology","Consumer Internet, Discovery, E-commerce, Engineering, Enterprise Mobility, Hyperlocal, Location Based Services, Manufacturing, Marketplace, Mobile, Offline, Online Aggregator, Peer to Peer, Platform, Rental, Research, SaaS, Sharing Economy, Social Enterprise, Subscription Commerce",5 Crore + INR,"Mumbai, Maharashtra"
ARJUMAN AMJAD,Venture Capital,"Validation, EarlyTraction, Scaling","AI, Analytics, AR VR (Augmented + Virtual Reality), Computer Vision, Enterprise Software, Fashion, Finance Technology, Healthcare & Lifesciences, Internet of Things, Retail, Advertising, Agriculture, Logistics","Machine Learning, NLP, Others, Business Intelligence, Big Data, Data Science, Others, Others, Others, Cloud, ERP, CXM, SCM, Customer Support, Collaboration, Location Based, Enterprise Mobility, Others, Fashion Technology, Lifestyle, Apparel, Fan Merchandise, Jewellery, Others, Crowdfunding, Mobile wallets Payments, Point of Sales, Payment Platforms, Trading, Billing and Invoicing, Personal Finance, Insurance, Advisory, Business Finance, P2P Lending, Bitcoin and Blockchain, Microfinance, Foreign Exchange, Accounting, Others, Health & Wellness, Pharmaceutical, Biotechnology, Healthcare Services, Healthcare IT, Healthcare Technology, Others, Smart Home, Manufacturing & Warehouse, Wearables, Others, Retail Technology, Social Commerce, Comparison Shopping, Others, AdTech, Online Classified, Others, Dairy Farming, Organic Agriculture, Agri-Tech, Food Processing",Consulting,50 Lacs - 2 Crore INR,"Bengaluru, Karnataka"
PAPER VC,,EarlyTraction,"Aeronautics Aerospace & Defence, Analytics","Drones, Others, Business Intelligence, Big Data, Data Science",Consumer Internet,50 Lacs - 2 Crore INR,"Bengaluru, Karnataka"
TURNINGIDEAS VENTURES LLP,Angel Group,"Validation, EarlyTraction, Scaling","Education, Internet of Things, IT Services, Retail, Social Impact","Coaching, E-learning, Education Technology, Others, Skill Development, Manufacturing & Warehouse, Others, Smart Home, Wearables, Application Development, BPO, IT Consulting, IT Management, KPO, Others, Product Development, Project Management, Testing, Web Development, Comparison Shopping, Others, Retail Technology, Social Commerce, Corporate Social Responsibility, NGO","Consulting, Discovery, Enterprise Mobility, Marketplace, Mobile, SaaS",0 - 50 Lacs INR,"Delhi, Delhi"
SBG,Others,"Ideation, Validation, EarlyTraction, Scaling","AI, Analytics, AR VR (Augmented + Virtual Reality), Computer Vision, Design, Healthcare & Lifesciences, Internet of Things, Media & Entertainment, Robotics","Machine Learning, NLP, Others, Business Intelligence, Big Data, Data Science, Others, Others, Others, Web Design, Industrial Design, Others, Medical Devices Biomedical, Health & Wellness, Pharmaceutical, Biotechnology, Healthcare Services, Healthcare IT, Healthcare Technology, Others, Smart Home, Manufacturing & Warehouse, Wearables, Others, Digital Media News, Digital Media Video, Digital Media Blogging, Digital Media Publishing, Digital Media, Movies, OOH Media, Social Media, Entertainment, Others, Robotics Technology, Robotics Application","Consumer Internet, Discovery, E-commerce, Engineering, Enterprise Mobility, Mobile, SaaS, Subscription Commerce",5 Crore + INR,"Delhi, Delhi"
HARI BALASUBRAMANIAN,,"Ideation, Validation, EarlyTraction, Scaling",Marketing,"Sales, Others",Marketplace,0 - 25 Lacs INR,"Kolkata, West Bengal"
MOHAMMAD AZHAR,Others,"EarlyTraction, Scaling","Education, Renewable Energy, Healthcare & Lifesciences, Social Impact, Agriculture","E-learning, Education Technology, Skill Development, Others, Renewable Solar Energy, Renewable Energy Solutions, Others, Medical Devices Biomedical, Biotechnology, Healthcare Services, Healthcare IT, Healthcare Technology, Others, Dairy Farming, Organic Agriculture, Agri-Tech, Food Processing","Location Based Services, Manufacturing, Marketplace, Online Aggregator, Platform, SaaS, Social Enterprise",0 - 50 Lacs INR,"Marmagao, Goa"
MURLI RK,Private Company,Scaling,"Education, Non- Renewable Energy, Renewable Energy, Finance Technology, Food & Beverages, Technology Hardware, Healthcare & Lifesciences, IT Services, Security Solutions","E-learning, Education Technology, Skill Development, Coaching, Others, Oil & Gas Exploration and Production, Oil & Gas Drilling, Oil Related Services and Equipment, Oil & Gas Transportation Services, Others, Renewable Solar Energy, Renewable Wind Energy, Renewable Nuclear Energy, Renewable Energy Solutions, Others, Crowdfunding, Mobile wallets Payments, Point of Sales, Payment Platforms, Trading, Billing and Invoicing, Personal Finance, Insurance, Advisory, Business Finance, P2P Lending, Bitcoin and Blockchain, Microfinance, Foreign Exchange, Accounting, Others, Restaurants, Microbrewery, Food Processing, Others, Embedded, Semiconductor, Electronics, 3d printing, Others, Medical Devices Biomedical, Health & Wellness, Pharmaceutical, Biotechnology, Healthcare Services, Healthcare IT, Healthcare Technology, Others, IT Consulting, BPO, KPO, Web Development, Product Development, Application Development, Testing, IT Management, Project Management, Others, Cyber Security, Home Security solutions","Consumer Internet, Engineering, Manufacturing, Online Aggregator, Platform",5 Crore + INR,"Mumbai, Maharashtra"
VIKASH SHARMA,,"Ideation, Validation, EarlyTraction","Aeronautics Aerospace & Defence, AI, Analytics, AR VR (Augmented + Virtual Reality), Automotive, Green Technology, Finance Technology, Internet of Things, IT Services, Social Impact, Advertising, Agriculture","Drones, Others, Machine Learning, NLP, Others, Business Intelligence, Big Data, Data Science, Others, Others, Auto & Truck Manufacturers, Auto, Truck & Motorcycle Parts, Tires & Rubber Products, Others, Waste Management, Clean Tech, Others, Crowdfunding, Mobile wallets Payments, Point of Sales, Payment Platforms, Trading, Billing and Invoicing, Personal Finance, Insurance, Advisory, Business Finance, P2P Lending, Bitcoin and Blockchain, Microfinance, Foreign Exchange, Accounting, Others, Smart Home, Manufacturing & Warehouse, Wearables, Others, IT Consulting, BPO, KPO, Web Development, Product Development, Application Development, Testing, IT Management, Project Management, Others, NGO, Others, AdTech, Online Classified, Others, Dairy Farming, Organic Agriculture, Agri-Tech, Food Processing","Consulting, Consumer Internet, E-commerce, Engineering, Governments, Hyperlocal, Location Based Services, Marketplace, Mobile, Online Aggregator, Rental, SaaS, Sharing Economy, Subscription Commerce",0 - 25 Lacs INR,"Ghaziabad, Uttar Pradesh"
CALCUTTA ANGELS NETWORK,Angel Group,"EarlyTraction, Scaling","AI, Analytics, Chemicals, Telecommunication & Networking, Computer Vision, Renewable Energy, Enterprise Software, Finance Technology, Technology Hardware, Healthcare & Lifesciences, Media & Entertainment, Nanotechnology, Retail, Other Specialty Retailers, Robotics, Transportation & Storage, Agriculture","Machine Learning, NLP, Others, Business Intelligence, Big Data, Data Science, Others, Commodity Chemicals, Agricultural Chemicals, Specialty Chemicals, Diversified Chemicals, Others, Wireless, Integrated communication services, Network Technology Solutions, Others, Others, Renewable Solar Energy, Renewable Wind Energy, Renewable Nuclear Energy, Renewable Energy Solutions, Others, Cloud, ERP, CXM, SCM, Customer Support, Collaboration, Location Based, Enterprise Mobility, Others, Crowdfunding, Mobile wallets Payments, Point of Sales, Payment Platforms, Trading, Billing and Invoicing, Personal Finance, Insurance, Advisory, Business Finance, P2P Lending, Bitcoin and Blockchain, Microfinance, Foreign Exchange, Accounting, Others, Embedded, Semiconductor, Electronics, 3d printing, Others, Medical Devices Biomedical, Health & Wellness, Pharmaceutical, Biotechnology, Healthcare Services, Healthcare IT, Healthcare Technology, Others, Digital Media News, Digital Media Video, Digital Media Blogging, Digital Media Publishing, Digital Media, Movies, OOH Media, Social Media, Entertainment, Others, Others, Retail Technology, Social Commerce, Comparison Shopping, Others, Auto Vehicles, Parts & Service Retailers, Home Improvement Products & Services Retailers, Home Furnishings Retailers, Computer & Electronics Retailers, Others, Robotics Technology, Robotics Application, Others, Freight & Logistics Services, Passenger Transportation Services, Transport Infrastructure, Others, Dairy Farming, Organic Agriculture, Agri-Tech, Food Processing","Consumer Internet, Enterprise Mobility, Location Based Services, Manufacturing, Marketplace, Platform, SaaS, Sharing Economy, Subscription Commerce",50 Lacs - 2 Crore INR,"Kolkata, West Bengal"
INDRAJEET MITRA,Private Company,"Validation, EarlyTraction, Scaling","Aeronautics Aerospace & Defence, AI, Analytics, AR VR (Augmented + Virtual Reality), Telecommunication & Networking, Enterprise Software, Internet of Things, IT Services","Drones, Others, Machine Learning, NLP, Others, Business Intelligence, Big Data, Data Science, Others, Others, Wireless, Integrated communication services, Network Technology Solutions, Others, Cloud, ERP, CXM, SCM, Customer Support, Collaboration, Location Based, Enterprise Mobility, Others, Smart Home, Manufacturing & Warehouse, Wearables, Others, IT Consulting, BPO, KPO, Web Development, Product Development, Application Development, Testing, IT Management, Project Management","Consulting, Enterprise Mobility, Governments, Location Based Services, SaaS",2 Crore - 5 Crore INR,"Ahmedabad, Gujarat"
YASHWANTH HEMARAJ,Venture Capital,"EarlyTraction, Scaling","AI, Computer Vision, Enterprise Software, Technology Hardware, IT Services, Robotics, Security Solutions","Machine Learning, NLP, Others, Others, Cloud, ERP, CXM, SCM, Customer Support, Collaboration, Location Based, Enterprise Mobility, Others, Embedded, Semiconductor, Electronics, 3d printing, Others, IT Consulting, BPO, Product Development, Application Development, Testing, IT Management, Project Management, Robotics Technology, Robotics Application, Others, Cyber Security","Consulting, SaaS, Subscription Commerce",2 Crore - 5 Crore INR,"Bengaluru, Karnataka"
GAURAV BARICK,Venture Capital,"Ideation, Validation, EarlyTraction, Scaling",AI,"Machine Learning, NLP, Others",Consulting,2 Crore - 5 Crore INR,"Delhi, Delhi"
VARUN VARDE,Private Company,EarlyTraction,IT Services,"Web Development, Product Development, Project Management","Consumer Internet, Enterprise Mobility, Marketplace, Mobile",0 - 50 Lacs INR,"Ahmedabad, Gujarat"
RAJASTHAN ANGEL INNOVATORS NETWOK,Angel Group,EarlyTraction,"AI, AR VR (Augmented + Virtual Reality), Enterprise Software, Technology Hardware, Internet of Things","Machine Learning, NLP, Others, Others, Cloud, ERP, CXM, SCM, Customer Support, Collaboration, Location Based, Enterprise Mobility, Others, Embedded, Semiconductor, Electronics, 3d printing, Others, Smart Home, Manufacturing & Warehouse, Wearables","Consulting, E-commerce, Engineering, Enterprise Mobility, Hyperlocal, Location Based Services",50 Lacs - 2 Crore INR,"Jaipur, Rajasthan"
NEXT ORBIT VENTURES FUND,Venture Capital,"Validation, EarlyTraction, Scaling","Aeronautics Aerospace & Defence, AI, AR VR (Augmented + Virtual Reality), Automotive, Telecommunication & Networking, Technology Hardware, Internet of Things, Robotics","Drones, Others, Machine Learning, NLP, Others, Others, Auto, Truck & Motorcycle Parts, Wireless, Integrated communication services, Network Technology Solutions, Others, Embedded, Semiconductor, Electronics, 3d printing, Others, Smart Home, Manufacturing & Warehouse, Wearables, Others, Robotics Technology, Robotics Application","Engineering, Enterprise Mobility, Manufacturing",5 Crore + INR,"Mumbai, Maharashtra"
OMNIVORE PARTNERS,Venture Capital,"EarlyTraction, Scaling","Green Technology, Food & Beverages, Internet of Things, Transportation & Storage, Agriculture","Clean Tech, Food Processing, Others, Others, Freight & Logistics Services, Others, Agri-Tech, Food Processing",Consulting,5 Crore + INR,"Delhi, Delhi"
THE CHENNAI ANGELS,Angel Group,"EarlyTraction, Scaling","AI, Analytics, AR VR (Augmented + Virtual Reality), Automotive, Telecommunication & Networking, Computer Vision, Education, Renewable Energy, Green Technology, Enterprise Software, Finance Technology, Healthcare & Lifesciences, Internet of Things, Nanotechnology, Robotics, Security Solutions, Sports, Transportation & Storage","Machine Learning, NLP, Others, Business Intelligence, Big Data, Data Science, Others, Others, Auto, Truck & Motorcycle Parts, Tires & Rubber Products, Others, Wireless, Integrated communication services, Network Technology Solutions, Others, Others, E-learning, Education Technology, Skill Development, Coaching, Others, Renewable Solar Energy, Renewable Wind Energy, Renewable Nuclear Energy, Renewable Energy Solutions, Others, Waste Management, Clean Tech, Others, Cloud, ERP, CXM, SCM, Customer Support, Collaboration, Location Based, Enterprise Mobility, Others, Crowdfunding, Trading, Personal Finance, Insurance, Advisory, Business Finance, P2P Lending, Foreign Exchange, Accounting, Others, Medical Devices Biomedical, Health & Wellness, Pharmaceutical, Biotechnology, Healthcare Services, Healthcare IT, Healthcare Technology, Others, Smart Home, Manufacturing & Warehouse, Wearables, Others, Others, Robotics Technology, Robotics Application, Others, Cyber Security, Home Security solutions, Others, Fantasy Sports, Sports Promotion and Networking, Others, Freight & Logistics Services, Passenger Transportation Services, Transport Infrastructure","Consumer Internet, Discovery, E-commerce, Enterprise Mobility, Hyperlocal, Location Based Services, Marketplace, Peer to Peer, Platform, SaaS, Sharing Economy",50 Lacs - 2 Crore INR,"Chennai, Tamil Nadu"
TAN ADVISORS PVT LTD.,Angel Group,"EarlyTraction, Scaling","Marketing, Aeronautics Aerospace & Defence, AI, Analytics, Animation, AR VR (Augmented + Virtual Reality), Architecture Interior Design, Education, Green Technology, Enterprise Software, Technology Hardware, Healthcare & Lifesciences, Media & Entertainment, Textiles & Apparel, Agriculture","Sales, Loyalty, Discovery, Branding, Digital Marketing (SEO Automation), Market Research, Others, Drones, Others, Machine Learning, NLP, Others, Business Intelligence, Big Data, Data Science, Others, Others, Others, Others, E-learning, Education Technology, Skill Development, Coaching, Others, Waste Management, Clean Tech, Others, Cloud, ERP, CXM, SCM, Customer Support, Collaboration, Location Based, Enterprise Mobility, Others, Embedded, Semiconductor, Electronics, 3d printing, Others, Medical Devices Biomedical, Health & Wellness, Pharmaceutical, Biotechnology, Healthcare Services, Healthcare IT, Healthcare Technology, Others, Digital Media News, Digital Media Video, Digital Media Blogging, Digital Media Publishing, Digital Media, Movies, OOH Media, Social Media, Entertainment, Others, Leather Textiles Goods, Non- Leather Textiles Goods, Apparel & Accessories, Leather Footwear, Non- Leather Footwear, Others, Dairy Farming, Organic Agriculture, Agri-Tech, Food Processing","Consulting, Consumer Internet, Discovery, Hyperlocal, Location Based Services, Manufacturing, Marketplace, Online Aggregator, Platform, SaaS",0 - 50 Lacs INR,"Ludhiana, Punjab"
PARAMPARA CAPITAL,Venture Capital,"Validation, EarlyTraction","Aeronautics Aerospace & Defence, AI, Analytics, AR VR (Augmented + Virtual Reality), Computer Vision, Enterprise Software, Finance Technology, Nanotechnology, Robotics, Security Solutions","Drones, Others, Machine Learning, NLP, Others, Business Intelligence, Big Data, Data Science, Others, Others, Others, Cloud, ERP, CXM, SCM, Customer Support, Collaboration, Location Based, Enterprise Mobility, Others, Crowdfunding, Mobile wallets Payments, Point of Sales, Payment Platforms, Trading, Billing and Invoicing, Personal Finance, Insurance, Advisory, Business Finance, P2P Lending, Bitcoin and Blockchain, Microfinance, Foreign Exchange, Accounting, Others, Others, Robotics Technology, Robotics Application, Others, Cyber Security, Home Security solutions, Others",SaaS,5 Crore + INR,"Mumbai, Maharashtra"
SIDDARTH JAISWAL,,"Ideation, Validation, EarlyTraction","Marketing, Renewable Energy, Green Technology, Finance Technology, Advertising","Sales, Loyalty, Discovery, Branding, Digital Marketing (SEO Automation), Market Research, Others, Renewable Solar Energy, Renewable Wind Energy, Renewable Nuclear Energy, Renewable Energy Solutions, Others, Waste Management, Clean Tech, Others, Crowdfunding, Mobile wallets Payments, Point of Sales, Payment Platforms, Trading, Billing and Invoicing, Personal Finance, Insurance, Advisory, Business Finance, P2P Lending, Bitcoin and Blockchain, Microfinance, Foreign Exchange, Accounting, Others, AdTech, Online Classified","Consulting, Consumer Internet, Discovery, Location Based Services, Manufacturing, Marketplace, Peer to Peer, Sharing Economy, Subscription Commerce",25 Lacs - 50 Lacs INR,"Bengaluru, Karnataka"
BRENT ZETTEL,Venture Capital,"Validation, EarlyTraction","Education, Finance Technology, Healthcare & Lifesciences, Social Impact, Agriculture","E-learning, Education Technology, Skill Development, Coaching, Others, Crowdfunding, Mobile wallets Payments, Point of Sales, Payment Platforms, Trading, Billing and Invoicing, Personal Finance, Insurance, Advisory, Business Finance, P2P Lending, Bitcoin and Blockchain, Microfinance, Foreign Exchange, Accounting, Others, Medical Devices Biomedical, Health & Wellness, Biotechnology, Healthcare Services, Healthcare IT, Healthcare Technology, Others, Others, Dairy Farming, Organic Agriculture, Agri-Tech, Food Processing","Mobile, Social Enterprise",2 Crore - 5 Crore INR,"Bengaluru, Karnataka"
VIJAY TALREJA,,EarlyTraction,"Enterprise Software, Retail","Cloud, ERP, CXM, SCM, Customer Support, Collaboration, Location Based, Enterprise Mobility, Others, Retail Technology, Social Commerce, Comparison Shopping","E-commerce, SaaS",0 - 25 Lacs INR,"Mumbai, Maharashtra"
KARAN MOHLA,Venture Capital,EarlyTraction,"Fashion, Finance Technology, Media & Entertainment, Retail, Other Specialty Retailers, Sports, Travel & Tourism","Fashion Technology, Lifestyle, Apparel, Fan Merchandise, Jewellery, Others, Crowdfunding, Mobile wallets Payments, Point of Sales, Payment Platforms, Trading, Billing and Invoicing, Personal Finance, Insurance, Advisory, Business Finance, P2P Lending, Bitcoin and Blockchain, Microfinance, Foreign Exchange, Accounting, Others, Digital Media News, Digital Media Video, Digital Media Blogging, Digital Media Publishing, Digital Media, Movies, OOH Media, Social Media, Entertainment, Others, Retail Technology, Social Commerce, Comparison Shopping, Others, Auto Vehicles, Parts & Service Retailers, Home Improvement Products & Services Retailers, Home Furnishings Retailers, Computer & Electronics Retailers, Others, Fantasy Sports, Sports Promotion and Networking, Others, Holiday Rentals, Hotel, Experiential Travel, Ticketing, Hospitality, Facility Management,","Consumer Internet, Discovery, E-commerce, Marketplace, Mobile, Online Aggregator, Platform, Sharing Economy",5 Crore + INR,"Delhi, Delhi"
YOURNEST CAPITAL ADVISORS PVT LTD,Venture Capital,Validation,"AI, Enterprise Software, Technology Hardware, Healthcare & Lifesciences, Internet of Things, Nanotechnology, Security Solutions","Cloud, Others, Others, Wearables, Others, Others",SaaS,2 Crore - 5 Crore INR,"Gurugram, Haryana"
UNICORN INDIA VENTURES,Venture Capital,"Validation, EarlyTraction","Marketing, Aeronautics Aerospace & Defence, AI, Analytics, AR VR (Augmented + Virtual Reality), Automotive, Telecommunication & Networking, Computer Vision, Education, Renewable Energy, Green Technology, Enterprise Software, Finance Technology, Technology Hardware, Healthcare & Lifesciences, Internet of Things, Media & Entertainment, Nanotechnology, Professional & Commercial Services, Retail, Robotics, Security Solutions, Social Impact, Social Network, Transportation & Storage, Travel & Tourism, Advertising, Agriculture","Sales, Loyalty, Discovery, Branding, Digital Marketing (SEO Automation), Market Research, Others, Drones, Others, Machine Learning, NLP, Others, Business Intelligence, Big Data, Data Science, Others, Others, Auto & Truck Manufacturers, Auto, Truck & Motorcycle Parts, Tires & Rubber Products, Others, Wireless, Integrated communication services, Network Technology Solutions, Others, Others, E-learning, Education Technology, Skill Development, Coaching, Others, Renewable Solar Energy, Renewable Wind Energy, Renewable Nuclear Energy, Renewable Energy Solutions, Others, Waste Management, Clean Tech, Others, Cloud, ERP, CXM, SCM, Customer Support, Collaboration, Location Based, Enterprise Mobility, Others, Crowdfunding, Mobile wallets Payments, Point of Sales, Payment Platforms, Trading, Billing and Invoicing, Personal Finance, Insurance, Advisory, Business Finance, P2P Lending, Bitcoin and Blockchain, Microfinance, Foreign Exchange, Accounting, Others, Embedded, Semiconductor, Electronics, 3d printing, Others, Medical Devices Biomedical, Health & Wellness, Pharmaceutical, Biotechnology, Healthcare Services, Healthcare IT, Healthcare Technology, Others, Smart Home, Manufacturing & Warehouse, Wearables, Others, Digital Media News, Digital Media Video, Digital Media Blogging, Digital Media Publishing, Digital Media, Movies, OOH Media, Social Media, Entertainment, Others, Others, Environmental Services & Equipment, Commercial Printing Services, Employment Services, Business Support Services, Professional Information Services, Business Support Supplies, Others, Retail Technology, Social Commerce, Comparison Shopping, Others, Robotics Technology, Robotics Application, Others, Cyber Security, Home Security solutions, Others, NGO, Others, Others, Freight & Logistics Services, Passenger Transportation Services, Transport Infrastructure, Others, Holiday Rentals, Hotel, Experiential Travel, Ticketing, Hospitality, Facility Management, Others, AdTech, Online Classified, Others, Dairy Farming, Organic Agriculture, Agri-Tech, Food Processing","Consulting, Consumer Internet, Discovery, E-commerce, Engineering, Enterprise Mobility, Governments, Hyperlocal, Location Based Services, Manufacturing, Marketplace, Mobile, Online Aggregator, Peer to Peer, Platform, Rental, Research, SaaS, Sharing Economy, Social Enterprise, Subscription Commerce",5 Crore + INR,"Mumbai, Maharashtra"
ARPIT AGARWAL,Venture Capital,"EarlyTraction, Scaling","Telecommunication & Networking, Renewable Energy, Healthcare & Lifesciences","Wireless, Integrated communication services, Network Technology Solutions, Others, Renewable Solar Energy, Renewable Wind Energy, Renewable Nuclear Energy, Renewable Energy Solutions, Others, Medical Devices Biomedical, Health & Wellness, Pharmaceutical, Biotechnology, Healthcare Services, Healthcare IT, Healthcare Technology","Consumer Internet, Engineering, Mobile, SaaS, Sharing Economy",2 Crore - 5 Crore INR,"Delhi, Delhi"
OM MANCHANDA,Angel Group,EarlyTraction,"Internet of Things, Pets & Animals","Smart Home, Manufacturing & Warehouse, Wearables, Others",E-commerce,25 Lacs - 50 Lacs INR,"Delhi, Delhi"
RISHI SRIVASTAVA,Angel Group,EarlyTraction,"AI, Analytics, Computer Vision, Enterprise Software, Finance Technology, Social Network","Machine Learning, NLP, Big Data, Data Science, Others, Cloud, Insurance, Bitcoin and Blockchain","Engineering, Enterprise Mobility, Location Based Services, Mobile, SaaS",0 - 25 Lacs INR,"Gurugram, Haryana"
DOMINOR INVESTMENT HOLDINGS LLP,Private Company,EarlyTraction,"AI, Education, Fashion, Food & Beverages, Healthcare & Lifesciences, Internet of Things, Sports, Textiles & Apparel","Machine Learning, NLP, Others, Skill Development, Fashion Technology, Lifestyle, Apparel, Restaurants, Microbrewery, Food Processing, Others, Health & Wellness, Biotechnology, Healthcare Services, Healthcare IT, Healthcare Technology, Smart Home, Manufacturing & Warehouse, Wearables, Others, Others, Non- Leather Textiles Goods, Apparel & Accessories","Consumer Internet, Enterprise Mobility, Manufacturing, SaaS",50 Lacs - 2 Crore INR,"Delhi, Delhi"
RANDEV VENTURES FAMILY OFFICE,,"Validation, EarlyTraction, Scaling","Analytics, Advertising, AR VR (Augmented + Virtual Reality), Automotive, Animation, Computer Vision, Telecommunication & Networking, AI, Finance Technology, Enterprise Software, Design, Technology Hardware, Healthcare & Lifesciences, Internet of Things, IT Services, Media & Entertainment, Retail, Professional & Commercial Services, Transportation & Storage, Travel & Tourism, Security Solutions, Other Specialty Retailers","Big Data, Business Intelligence, Data Science, Others, AdTech, Online Classified, Others, Others, Auto & Truck Manufacturers, Auto, Truck & Motorcycle Parts, Electric Vehicles, Others, Tires & Rubber Products, Others, Others, Integrated communication services, Network Technology Solutions, Others, Wireless, Machine Learning, NLP, Others, Accounting, Advisory, Billing and Invoicing, Bitcoin and Blockchain, Business Finance, Crowdfunding, Foreign Exchange, Insurance, Microfinance, Mobile wallets Payments, Others, P2P Lending, Payment Platforms, Personal Finance, Point of Sales, Trading, CXM, Cloud, Collaboration, Customer Support, ERP, Enterprise Mobility, Location Based, Others, SCM, Industrial Design, Others, Web Design, 3d printing, Electronics, Embedded, Manufacturing, Others, Semiconductor, Assistance Technology, Biotechnology, Health & Wellness, Healthcare IT, Healthcare Services, Healthcare Technology, Medical Devices Biomedical, Others, Pharmaceutical, Manufacturing & Warehouse, Others, Smart Home, Wearables, Application Development, BPO, IT Consulting, IT Management, KPO, Others, Product Development, Project Management, Testing, Web Development, Digital Media, Digital Media Blogging, Digital Media News, Digital Media Publishing, Digital Media Video, Entertainment, Movies, OOH Media, Others, Social Media, Comparison Shopping, Others, Retail Technology, Social Commerce, Business Support Services, Business Support Supplies, Commercial Printing Services, Employment Services, Environmental Services & Equipment, Others, Professional Information Services, Freight & Logistics Services, Others, Passenger Transportation Services, Traffic Management, Transport Infrastructure, Experiential Travel, Facility Management, Holiday Rentals, Hospitality, Hotel, Others, Ticketing, Wayside Amenities, Cyber Security, Home Security solutions, Others, Public Citizen Security Solutions, Auto Vehicles, Parts & Service Retailers, Computer & Electronics Retailers, Home Furnishings Retailers, Home Improvement Products & Services Retailers, Other","Consulting, Consumer Internet, Discovery, Engineering, Enterprise Mobility, Governments, Hyperlocal, Location Based Services, Marketplace, Mobile, Platform, Research, SaaS, Sharing Economy",50 Lacs - 2 Crore INR,"Mumbai, Maharashtra"
SEQUOIA CAPITAL INDIA,Venture Capital,Seed to Growth,"Technology, Consumer, Healthcare","Fintech, SaaS, Consumer Internet",Early to growth-stage tech-enabled companies,$100K – $100M,"Bengaluru, Mumbai, Delhi"
KALAARI CAPITAL,Venture Capital,Early Stage,Technology,"E-commerce, Internet, Cleantech",echnology-oriented companies capturing new markets,$1M – $5M,Bengaluru
Nexus Venture Partners,Venture Capital,Early to Growth,"Technology, Consumer","SaaS, Fintech, Consumer Internet",Early to growth-stage companies in India and the US,$0.5M – $10M,"Mumbai, Bengaluru"
BLUME VENTUREA,Venture Capital,Seed to Pre-Series,"Technology, Consumer","Edtech, Fintech, Healthtech, SaaS",Early-stage startups with innovative solutions,$500K – $3M,"Mumbai, Bengaluru"
CHIRATAE VENTURES,Venture Capital,Early to Growth,Technology,"Consumer Tech, SaaS, Healthtech",Growth-stage startups in the Indian market,$1M – $10M,"Bengaluru, Mumbai, Delhi"
ARTHA VENTURE FUND,Micro VC,Early Stage,"Consumer, Technology","D2C, SaaS, EV Infrastructure, Agritech","Lean capital investments in scalable, high-potential sectors",$250K – $1M,Mumbai
INDIAN ANGEL NETWORK,Angel Group,Early Stage,Sector Agnostic,"Technology, Healthcare, Education",Early-stage startups across various sectors,$100K – $1M,New Delhi
EVERSTONE CAPITAL ASIA,Private Equity,Growth to Late Stage,Financial Services,"Consumer, Healthcare, Technology",Growth-stage investments in India and Southeast Asia,$10M – $100M,"Mumbai, Singapore"
